mean_fit_time	mean_score_time	mean_test_accuracy	mean_test_precision	mean_test_recall	mean_test_roc_auc	mean_train_accuracy	mean_train_precision	mean_train_recall	mean_train_roc_auc	param_SVM__C	param_SVM__class_weight	param_SVM__dual	param_SVM__loss	param_SVM__penalty	param_TFIDF__tokenizer	param_TFIDF__use_idf	params	rank_test_accuracy	rank_test_precision	rank_test_recall	rank_test_roc_auc	split0_test_accuracy	split0_test_precision	split0_test_recall	split0_test_roc_auc	split0_train_accuracy	split0_train_precision	split0_train_recall	split0_train_roc_auc	split1_test_accuracy	split1_test_precision	split1_test_recall	split1_test_roc_auc	split1_train_accuracy	split1_train_precision	split1_train_recall	split1_train_roc_auc	split2_test_accuracy	split2_test_precision	split2_test_recall	split2_test_roc_auc	split2_train_accuracy	split2_train_precision	split2_train_recall	split2_train_roc_auc	split3_test_accuracy	split3_test_precision	split3_test_recall	split3_test_roc_auc	split3_train_accuracy	split3_train_precision	split3_train_recall	split3_train_roc_auc	split4_test_accuracy	split4_test_precision	split4_test_recall	split4_test_roc_auc	split4_train_accuracy	split4_train_precision	split4_train_recall	split4_train_roc_auc	split5_test_accuracy	split5_test_precision	split5_test_recall	split5_test_roc_auc	split5_train_accuracy	split5_train_precision	split5_train_recall	split5_train_roc_auc	split6_test_accuracy	split6_test_precision	split6_test_recall	split6_test_roc_auc	split6_train_accuracy	split6_train_precision	split6_train_recall	split6_train_roc_auc	split7_test_accuracy	split7_test_precision	split7_test_recall	split7_test_roc_auc	split7_train_accuracy	split7_train_precision	split7_train_recall	split7_train_roc_auc	split8_test_accuracy	split8_test_precision	split8_test_recall	split8_test_roc_auc	split8_train_accuracy	split8_train_precision	split8_train_recall	split8_train_roc_auc	split9_test_accuracy	split9_test_precision	split9_test_recall	split9_test_roc_auc	split9_train_accuracy	split9_train_precision	split9_train_recall	split9_train_roc_auc	std_fit_time	std_score_time	std_test_accuracy	std_test_precision	std_test_recall	std_test_roc_auc	std_train_accuracy	std_train_precision	std_train_recall	std_train_roc_auc
9.8937091351	1.0197043657	0.8422499714	0	0	0.5	0.8422499745	0	0	0.5	0.001		False	squared_hinge	l1	<function tokenizer6 at 0x7fbe50a8e730>	True	{'SVM__penalty': 'l1', 'SVM__C': 0.001, 'SVM__loss': 'squared_hinge', 'SVM__class_weight': None, 'SVM__dual': False, 'TFIDF__tokenizer': <function tokenizer6 at 0x7fbe50a8e730>, 'TFIDF__use_idf': True}	25	25	25	25	0.8421052632	0	0	0.5	0.8422660726	0	0	0.5	0.8421052632	0	0	0.5	0.8422660726	0	0	0.5	0.8419243986	0	0	0.5	0.8422861507	0	0	0.5	0.8419243986	0	0	0.5	0.8422861507	0	0	0.5	0.8419243986	0	0	0.5	0.8422861507	0	0	0.5	0.8419243986	0	0	0.5	0.8422861507	0	0	0.5	0.8419243986	0	0	0.5	0.8422861507	0	0	0.5	0.8428899083	0	0	0.5	0.8421789487	0	0	0.5	0.8428899083	0	0	0.5	0.8421789487	0	0	0.5	0.8428899083	0	0	0.5	0.8421789487	0	0	0.5	0.4186376335	0.0766212485	0.0004241784	0	0	0	4.71125000434365E-05	0	0	0
9.7448658466	0.9849054575	0.8422499714	0	0	0.5	0.8422499745	0	0	0.5	0.001		False	squared_hinge	l1	<function tokenizer5 at 0x7fbe4eaf4bf8>	True	{'SVM__penalty': 'l1', 'SVM__C': 0.001, 'SVM__loss': 'squared_hinge', 'SVM__class_weight': None, 'SVM__dual': False, 'TFIDF__tokenizer': <function tokenizer5 at 0x7fbe4eaf4bf8>, 'TFIDF__use_idf': True}	25	25	25	25	0.8421052632	0	0	0.5	0.8422660726	0	0	0.5	0.8421052632	0	0	0.5	0.8422660726	0	0	0.5	0.8419243986	0	0	0.5	0.8422861507	0	0	0.5	0.8419243986	0	0	0.5	0.8422861507	0	0	0.5	0.8419243986	0	0	0.5	0.8422861507	0	0	0.5	0.8419243986	0	0	0.5	0.8422861507	0	0	0.5	0.8419243986	0	0	0.5	0.8422861507	0	0	0.5	0.8428899083	0	0	0.5	0.8421789487	0	0	0.5	0.8428899083	0	0	0.5	0.8421789487	0	0	0.5	0.8428899083	0	0	0.5	0.8421789487	0	0	0.5	0.4009079794	0.0853062931	0.0004241784	0	0	0	4.71125000434365E-05	0	0	0
9.3671889782	0.9587097645	0.8422499714	0	0	0.5	0.8422499745	0	0	0.5	0.001		False	squared_hinge	l1	<function tokenizer4 at 0x7fbe4c02a1e0>	True	{'SVM__penalty': 'l1', 'SVM__C': 0.001, 'SVM__loss': 'squared_hinge', 'SVM__class_weight': None, 'SVM__dual': False, 'TFIDF__tokenizer': <function tokenizer4 at 0x7fbe4c02a1e0>, 'TFIDF__use_idf': True}	25	25	25	25	0.8421052632	0	0	0.5	0.8422660726	0	0	0.5	0.8421052632	0	0	0.5	0.8422660726	0	0	0.5	0.8419243986	0	0	0.5	0.8422861507	0	0	0.5	0.8419243986	0	0	0.5	0.8422861507	0	0	0.5	0.8419243986	0	0	0.5	0.8422861507	0	0	0.5	0.8419243986	0	0	0.5	0.8422861507	0	0	0.5	0.8419243986	0	0	0.5	0.8422861507	0	0	0.5	0.8428899083	0	0	0.5	0.8421789487	0	0	0.5	0.8428899083	0	0	0.5	0.8421789487	0	0	0.5	0.8428899083	0	0	0.5	0.8421789487	0	0	0.5	0.127304852	0.0663120534	0.0004241784	0	0	0	4.71125000434365E-05	0	0	0
9.4357536554	1.0050786734	0.8422499714	0	0	0.5	0.8422499745	0	0	0.5	0.001		False	squared_hinge	l1	<function tokenizer3 at 0x7fbe4c02a268>	True	{'SVM__penalty': 'l1', 'SVM__C': 0.001, 'SVM__loss': 'squared_hinge', 'SVM__class_weight': None, 'SVM__dual': False, 'TFIDF__tokenizer': <function tokenizer3 at 0x7fbe4c02a268>, 'TFIDF__use_idf': True}	25	25	25	25	0.8421052632	0	0	0.5	0.8422660726	0	0	0.5	0.8421052632	0	0	0.5	0.8422660726	0	0	0.5	0.8419243986	0	0	0.5	0.8422861507	0	0	0.5	0.8419243986	0	0	0.5	0.8422861507	0	0	0.5	0.8419243986	0	0	0.5	0.8422861507	0	0	0.5	0.8419243986	0	0	0.5	0.8422861507	0	0	0.5	0.8419243986	0	0	0.5	0.8422861507	0	0	0.5	0.8428899083	0	0	0.5	0.8421789487	0	0	0.5	0.8428899083	0	0	0.5	0.8421789487	0	0	0.5	0.8428899083	0	0	0.5	0.8421789487	0	0	0.5	0.2586654221	0.0923791866	0.0004241784	0	0	0	4.71125000434365E-05	0	0	0
9.1571888924	0.950140214	0.8422499714	0	0	0.5	0.8422499745	0	0	0.5	0.001	balanced	False	squared_hinge	l1	<function tokenizer6 at 0x7fbe50a8e730>	True	{'SVM__penalty': 'l1', 'SVM__C': 0.001, 'SVM__loss': 'squared_hinge', 'SVM__class_weight': 'balanced', 'SVM__dual': False, 'TFIDF__tokenizer': <function tokenizer6 at 0x7fbe50a8e730>, 'TFIDF__use_idf': True}	25	25	25	25	0.8421052632	0	0	0.5	0.8422660726	0	0	0.5	0.8421052632	0	0	0.5	0.8422660726	0	0	0.5	0.8419243986	0	0	0.5	0.8422861507	0	0	0.5	0.8419243986	0	0	0.5	0.8422861507	0	0	0.5	0.8419243986	0	0	0.5	0.8422861507	0	0	0.5	0.8419243986	0	0	0.5	0.8422861507	0	0	0.5	0.8419243986	0	0	0.5	0.8422861507	0	0	0.5	0.8428899083	0	0	0.5	0.8421789487	0	0	0.5	0.8428899083	0	0	0.5	0.8421789487	0	0	0.5	0.8428899083	0	0	0.5	0.8421789487	0	0	0.5	0.0801248796	0.0960640519	0.0004241784	0	0	0	4.71125000434365E-05	0	0	0
9.3692746162	0.9764273643	0.8422499714	0	0	0.5	0.8422499745	0	0	0.5	0.001	balanced	False	squared_hinge	l1	<function tokenizer5 at 0x7fbe4eaf4bf8>	True	{'SVM__penalty': 'l1', 'SVM__C': 0.001, 'SVM__loss': 'squared_hinge', 'SVM__class_weight': 'balanced', 'SVM__dual': False, 'TFIDF__tokenizer': <function tokenizer5 at 0x7fbe4eaf4bf8>, 'TFIDF__use_idf': True}	25	25	25	25	0.8421052632	0	0	0.5	0.8422660726	0	0	0.5	0.8421052632	0	0	0.5	0.8422660726	0	0	0.5	0.8419243986	0	0	0.5	0.8422861507	0	0	0.5	0.8419243986	0	0	0.5	0.8422861507	0	0	0.5	0.8419243986	0	0	0.5	0.8422861507	0	0	0.5	0.8419243986	0	0	0.5	0.8422861507	0	0	0.5	0.8419243986	0	0	0.5	0.8422861507	0	0	0.5	0.8428899083	0	0	0.5	0.8421789487	0	0	0.5	0.8428899083	0	0	0.5	0.8421789487	0	0	0.5	0.8428899083	0	0	0.5	0.8421789487	0	0	0.5	0.3421955468	0.0792039576	0.0004241784	0	0	0	4.71125000434365E-05	0	0	0
9.2671864033	0.9499191761	0.8422499714	0	0	0.5	0.8422499745	0	0	0.5	0.001	balanced	False	squared_hinge	l1	<function tokenizer4 at 0x7fbe4c02a1e0>	True	{'SVM__penalty': 'l1', 'SVM__C': 0.001, 'SVM__loss': 'squared_hinge', 'SVM__class_weight': 'balanced', 'SVM__dual': False, 'TFIDF__tokenizer': <function tokenizer4 at 0x7fbe4c02a1e0>, 'TFIDF__use_idf': True}	25	25	25	25	0.8421052632	0	0	0.5	0.8422660726	0	0	0.5	0.8421052632	0	0	0.5	0.8422660726	0	0	0.5	0.8419243986	0	0	0.5	0.8422861507	0	0	0.5	0.8419243986	0	0	0.5	0.8422861507	0	0	0.5	0.8419243986	0	0	0.5	0.8422861507	0	0	0.5	0.8419243986	0	0	0.5	0.8422861507	0	0	0.5	0.8419243986	0	0	0.5	0.8422861507	0	0	0.5	0.8428899083	0	0	0.5	0.8421789487	0	0	0.5	0.8428899083	0	0	0.5	0.8421789487	0	0	0.5	0.8428899083	0	0	0.5	0.8421789487	0	0	0.5	0.1652661774	0.0528131027	0.0004241784	0	0	0	4.71125000434365E-05	0	0	0
9.3875324011	0.9452525616	0.8422499714	0	0	0.5	0.8422499745	0	0	0.5	0.001	balanced	False	squared_hinge	l1	<function tokenizer3 at 0x7fbe4c02a268>	True	{'SVM__penalty': 'l1', 'SVM__C': 0.001, 'SVM__loss': 'squared_hinge', 'SVM__class_weight': 'balanced', 'SVM__dual': False, 'TFIDF__tokenizer': <function tokenizer3 at 0x7fbe4c02a268>, 'TFIDF__use_idf': True}	25	25	25	25	0.8421052632	0	0	0.5	0.8422660726	0	0	0.5	0.8421052632	0	0	0.5	0.8422660726	0	0	0.5	0.8419243986	0	0	0.5	0.8422861507	0	0	0.5	0.8419243986	0	0	0.5	0.8422861507	0	0	0.5	0.8419243986	0	0	0.5	0.8422861507	0	0	0.5	0.8419243986	0	0	0.5	0.8422861507	0	0	0.5	0.8419243986	0	0	0.5	0.8422861507	0	0	0.5	0.8428899083	0	0	0.5	0.8421789487	0	0	0.5	0.8428899083	0	0	0.5	0.8421789487	0	0	0.5	0.8428899083	0	0	0.5	0.8421789487	0	0	0.5	0.1308287305	0.0735546294	0.0004241784	0	0	0	4.71125000434365E-05	0	0	0
9.2242607355	1.0543297052	0.8422499714	0	0	0.5	0.8422499745	0	0	0.5	0.01		False	squared_hinge	l1	<function tokenizer6 at 0x7fbe50a8e730>	True	{'SVM__penalty': 'l1', 'SVM__C': 0.01, 'SVM__loss': 'squared_hinge', 'SVM__class_weight': None, 'SVM__dual': False, 'TFIDF__tokenizer': <function tokenizer6 at 0x7fbe50a8e730>, 'TFIDF__use_idf': True}	25	25	25	25	0.8421052632	0	0	0.5	0.8422660726	0	0	0.5	0.8421052632	0	0	0.5	0.8422660726	0	0	0.5	0.8419243986	0	0	0.5	0.8422861507	0	0	0.5	0.8419243986	0	0	0.5	0.8422861507	0	0	0.5	0.8419243986	0	0	0.5	0.8422861507	0	0	0.5	0.8419243986	0	0	0.5	0.8422861507	0	0	0.5	0.8419243986	0	0	0.5	0.8422861507	0	0	0.5	0.8428899083	0	0	0.5	0.8421789487	0	0	0.5	0.8428899083	0	0	0.5	0.8421789487	0	0	0.5	0.8428899083	0	0	0.5	0.8421789487	0	0	0.5	0.3556179654	0.1506732103	0.0004241784	0	0	0	4.71125000434365E-05	0	0	0
9.2285894871	0.989542675	0.8422499714	0	0	0.5	0.8422499745	0	0	0.5	0.01		False	squared_hinge	l1	<function tokenizer5 at 0x7fbe4eaf4bf8>	True	{'SVM__penalty': 'l1', 'SVM__C': 0.01, 'SVM__loss': 'squared_hinge', 'SVM__class_weight': None, 'SVM__dual': False, 'TFIDF__tokenizer': <function tokenizer5 at 0x7fbe4eaf4bf8>, 'TFIDF__use_idf': True}	25	25	25	25	0.8421052632	0	0	0.5	0.8422660726	0	0	0.5	0.8421052632	0	0	0.5	0.8422660726	0	0	0.5	0.8419243986	0	0	0.5	0.8422861507	0	0	0.5	0.8419243986	0	0	0.5	0.8422861507	0	0	0.5	0.8419243986	0	0	0.5	0.8422861507	0	0	0.5	0.8419243986	0	0	0.5	0.8422861507	0	0	0.5	0.8419243986	0	0	0.5	0.8422861507	0	0	0.5	0.8428899083	0	0	0.5	0.8421789487	0	0	0.5	0.8428899083	0	0	0.5	0.8421789487	0	0	0.5	0.8428899083	0	0	0.5	0.8421789487	0	0	0.5	0.2139075028	0.1303728263	0.0004241784	0	0	0	4.71125000434365E-05	0	0	0
9.3770036936	0.9557218552	0.8422499714	0	0	0.5	0.8422499745	0	0	0.5	0.01		False	squared_hinge	l1	<function tokenizer4 at 0x7fbe4c02a1e0>	True	{'SVM__penalty': 'l1', 'SVM__C': 0.01, 'SVM__loss': 'squared_hinge', 'SVM__class_weight': None, 'SVM__dual': False, 'TFIDF__tokenizer': <function tokenizer4 at 0x7fbe4c02a1e0>, 'TFIDF__use_idf': True}	25	25	25	25	0.8421052632	0	0	0.5	0.8422660726	0	0	0.5	0.8421052632	0	0	0.5	0.8422660726	0	0	0.5	0.8419243986	0	0	0.5	0.8422861507	0	0	0.5	0.8419243986	0	0	0.5	0.8422861507	0	0	0.5	0.8419243986	0	0	0.5	0.8422861507	0	0	0.5	0.8419243986	0	0	0.5	0.8422861507	0	0	0.5	0.8419243986	0	0	0.5	0.8422861507	0	0	0.5	0.8428899083	0	0	0.5	0.8421789487	0	0	0.5	0.8428899083	0	0	0.5	0.8421789487	0	0	0.5	0.8428899083	0	0	0.5	0.8421789487	0	0	0.5	0.1934926419	0.0584575713	0.0004241784	0	0	0	4.71125000434365E-05	0	0	0
9.2290714502	0.9965435028	0.8422499714	0	0	0.5	0.8422499745	0	0	0.5	0.01		False	squared_hinge	l1	<function tokenizer3 at 0x7fbe4c02a268>	True	{'SVM__penalty': 'l1', 'SVM__C': 0.01, 'SVM__loss': 'squared_hinge', 'SVM__class_weight': None, 'SVM__dual': False, 'TFIDF__tokenizer': <function tokenizer3 at 0x7fbe4c02a268>, 'TFIDF__use_idf': True}	25	25	25	25	0.8421052632	0	0	0.5	0.8422660726	0	0	0.5	0.8421052632	0	0	0.5	0.8422660726	0	0	0.5	0.8419243986	0	0	0.5	0.8422861507	0	0	0.5	0.8419243986	0	0	0.5	0.8422861507	0	0	0.5	0.8419243986	0	0	0.5	0.8422861507	0	0	0.5	0.8419243986	0	0	0.5	0.8422861507	0	0	0.5	0.8419243986	0	0	0.5	0.8422861507	0	0	0.5	0.8428899083	0	0	0.5	0.8421789487	0	0	0.5	0.8428899083	0	0	0.5	0.8421789487	0	0	0.5	0.8428899083	0	0	0.5	0.8421789487	0	0	0.5	0.1354594885	0.1223639763	0.0004241784	0	0	0	4.71125000434365E-05	0	0	0
9.2372407436	1.0123214245	0.8422499714	0	0	0.5	0.8422499745	0	0	0.5	0.01	balanced	False	squared_hinge	l1	<function tokenizer6 at 0x7fbe50a8e730>	True	{'SVM__penalty': 'l1', 'SVM__C': 0.01, 'SVM__loss': 'squared_hinge', 'SVM__class_weight': 'balanced', 'SVM__dual': False, 'TFIDF__tokenizer': <function tokenizer6 at 0x7fbe50a8e730>, 'TFIDF__use_idf': True}	25	25	25	25	0.8421052632	0	0	0.5	0.8422660726	0	0	0.5	0.8421052632	0	0	0.5	0.8422660726	0	0	0.5	0.8419243986	0	0	0.5	0.8422861507	0	0	0.5	0.8419243986	0	0	0.5	0.8422861507	0	0	0.5	0.8419243986	0	0	0.5	0.8422861507	0	0	0.5	0.8419243986	0	0	0.5	0.8422861507	0	0	0.5	0.8419243986	0	0	0.5	0.8422861507	0	0	0.5	0.8428899083	0	0	0.5	0.8421789487	0	0	0.5	0.8428899083	0	0	0.5	0.8421789487	0	0	0.5	0.8428899083	0	0	0.5	0.8421789487	0	0	0.5	0.2702173644	0.1307555915	0.0004241784	0	0	0	4.71125000434365E-05	0	0	0
9.2593313932	1.0031764984	0.8422499714	0	0	0.5	0.8422499745	0	0	0.5	0.01	balanced	False	squared_hinge	l1	<function tokenizer5 at 0x7fbe4eaf4bf8>	True	{'SVM__penalty': 'l1', 'SVM__C': 0.01, 'SVM__loss': 'squared_hinge', 'SVM__class_weight': 'balanced', 'SVM__dual': False, 'TFIDF__tokenizer': <function tokenizer5 at 0x7fbe4eaf4bf8>, 'TFIDF__use_idf': True}	25	25	25	25	0.8421052632	0	0	0.5	0.8422660726	0	0	0.5	0.8421052632	0	0	0.5	0.8422660726	0	0	0.5	0.8419243986	0	0	0.5	0.8422861507	0	0	0.5	0.8419243986	0	0	0.5	0.8422861507	0	0	0.5	0.8419243986	0	0	0.5	0.8422861507	0	0	0.5	0.8419243986	0	0	0.5	0.8422861507	0	0	0.5	0.8419243986	0	0	0.5	0.8422861507	0	0	0.5	0.8428899083	0	0	0.5	0.8421789487	0	0	0.5	0.8428899083	0	0	0.5	0.8421789487	0	0	0.5	0.8428899083	0	0	0.5	0.8421789487	0	0	0.5	0.1701895765	0.0724147366	0.0004241784	0	0	0	4.71125000434365E-05	0	0	0
9.3511899948	0.9796010494	0.8422499714	0	0	0.5	0.8422499745	0	0	0.5	0.01	balanced	False	squared_hinge	l1	<function tokenizer4 at 0x7fbe4c02a1e0>	True	{'SVM__penalty': 'l1', 'SVM__C': 0.01, 'SVM__loss': 'squared_hinge', 'SVM__class_weight': 'balanced', 'SVM__dual': False, 'TFIDF__tokenizer': <function tokenizer4 at 0x7fbe4c02a1e0>, 'TFIDF__use_idf': True}	25	25	25	25	0.8421052632	0	0	0.5	0.8422660726	0	0	0.5	0.8421052632	0	0	0.5	0.8422660726	0	0	0.5	0.8419243986	0	0	0.5	0.8422861507	0	0	0.5	0.8419243986	0	0	0.5	0.8422861507	0	0	0.5	0.8419243986	0	0	0.5	0.8422861507	0	0	0.5	0.8419243986	0	0	0.5	0.8422861507	0	0	0.5	0.8419243986	0	0	0.5	0.8422861507	0	0	0.5	0.8428899083	0	0	0.5	0.8421789487	0	0	0.5	0.8428899083	0	0	0.5	0.8421789487	0	0	0.5	0.8428899083	0	0	0.5	0.8421789487	0	0	0.5	0.2386706052	0.1172266934	0.0004241784	0	0	0	4.71125000434365E-05	0	0	0
9.3182723284	0.9565134048	0.8422499714	0	0	0.5	0.8422499745	0	0	0.5	0.01	balanced	False	squared_hinge	l1	<function tokenizer3 at 0x7fbe4c02a268>	True	{'SVM__penalty': 'l1', 'SVM__C': 0.01, 'SVM__loss': 'squared_hinge', 'SVM__class_weight': 'balanced', 'SVM__dual': False, 'TFIDF__tokenizer': <function tokenizer3 at 0x7fbe4c02a268>, 'TFIDF__use_idf': True}	25	25	25	25	0.8421052632	0	0	0.5	0.8422660726	0	0	0.5	0.8421052632	0	0	0.5	0.8422660726	0	0	0.5	0.8419243986	0	0	0.5	0.8422861507	0	0	0.5	0.8419243986	0	0	0.5	0.8422861507	0	0	0.5	0.8419243986	0	0	0.5	0.8422861507	0	0	0.5	0.8419243986	0	0	0.5	0.8422861507	0	0	0.5	0.8419243986	0	0	0.5	0.8422861507	0	0	0.5	0.8428899083	0	0	0.5	0.8421789487	0	0	0.5	0.8428899083	0	0	0.5	0.8421789487	0	0	0.5	0.8428899083	0	0	0.5	0.8421789487	0	0	0.5	0.1437045259	0.0841938502	0.0004241784	0	0	0	4.71125000434365E-05	0	0	0
9.2071036816	1.0280010939	0.8621835262	0.9361169724	0.1350839845	0.673935402	0.8631254548	0.970324526	0.1365282876	0.6827609923	0.1		False	squared_hinge	l1	<function tokenizer6 at 0x7fbe50a8e730>	True	{'SVM__penalty': 'l1', 'SVM__C': 0.1, 'SVM__loss': 'squared_hinge', 'SVM__class_weight': None, 'SVM__dual': False, 'TFIDF__tokenizer': <function tokenizer6 at 0x7fbe50a8e730>, 'TFIDF__use_idf': True}	21	3	21	22	0.8684210526	0.96	0.1739130435	0.7032333018	0.8625079567	0.9760479042	0.1315577078	0.6857190312	0.8638443936	0.9523809524	0.1449275362	0.6804111531	0.863144494	0.9659090909	0.1372074253	0.6708489362	0.852233677	0.8	0.0869565217	0.6599083112	0.8632892057	0.9608938547	0.1388216303	0.6788909702	0.8602520046	0.9	0.1304347826	0.7041161392	0.8630346232	0.9710982659	0.1355932203	0.6874963636	0.8625429553	1	0.1304347826	0.6955387952	0.8626527495	0.9651162791	0.1339790153	0.6888378956	0.86139748	0.9047619048	0.1376811594	0.6658237208	0.8632892057	0.9824561404	0.1355932203	0.6854011539	0.8636884307	1	0.1376811594	0.6489302968	0.8634164969	0.9715909091	0.1380145278	0.6889377314	0.8635321101	0.95	0.1386861314	0.6527732261	0.8636884307	0.9720670391	0.1403225806	0.6817860399	0.8589449541	0.9375	0.1094890511	0.6604548389	0.8639429808	0.9621621622	0.1435483871	0.6747352859	0.8669724771	0.9565217391	0.1605839416	0.6680768658	0.8622884052	0.9759036145	0.1306451613	0.6849565147	0.2189542402	0.0735199361	0.0042740689	0.0551608123	0.0230148286	0.0195711395	0.000493725	0.0064690165	0.0037305944	0.0058333696
9.230020237	0.9956833124	0.8621835262	0.9418319127	0.1343592639	0.6735703081	0.8630872804	0.9707996743	0.1362058372	0.6824823527	0.1		False	squared_hinge	l1	<function tokenizer5 at 0x7fbe4eaf4bf8>	True	{'SVM__penalty': 'l1', 'SVM__C': 0.1, 'SVM__loss': 'squared_hinge', 'SVM__class_weight': None, 'SVM__dual': False, 'TFIDF__tokenizer': <function tokenizer5 at 0x7fbe4eaf4bf8>, 'TFIDF__use_idf': True}	21	1	22	24	0.8684210526	0.96	0.1739130435	0.7031643825	0.8623806493	0.9759036145	0.1307506053	0.6891092643	0.8638443936	0.9523809524	0.1449275362	0.6804111531	0.8635264163	0.9664804469	0.1396287328	0.6708363709	0.8533791523	0.8571428571	0.0869565217	0.65981958	0.8634164969	0.9662921348	0.1388216303	0.6788204692	0.8602520046	0.9	0.1304347826	0.7042048704	0.8631619145	0.9712643678	0.1364003228	0.687396101	0.8625429553	1	0.1304347826	0.6955880903	0.8625254582	0.9649122807	0.1331719128	0.688280779	0.86139748	0.9047619048	0.1376811594	0.6658335798	0.8634164969	0.9825581395	0.1364003228	0.6869644347	0.8625429553	1	0.1304347826	0.6489598738	0.8632892057	0.9714285714	0.1372074253	0.6889890215	0.8635321101	0.95	0.1386861314	0.6493569691	0.8633066056	0.9715909091	0.1379032258	0.6764411803	0.8589449541	0.9375	0.1094890511	0.6602562193	0.8638157057	0.9619565217	0.1427419355	0.6730459666	0.8669724771	0.9565217391	0.1605839416	0.6680172799	0.8620338552	0.9756097561	0.1290322581	0.6849399396	0.1941600527	0.1411522299	0.0039881812	0.042199786	0.0230357171	0.0199886716	0.0005439977	0.0058354305	0.0039454229	0.0066687899
9.40184443	0.9502657413	0.8620689655	0.9414266407	0.1336328829	0.6745315238	0.8629472568	0.9706158421	0.1353181546	0.6826428781	0.1		False	squared_hinge	l1	<function tokenizer4 at 0x7fbe4c02a1e0>	True	{'SVM__penalty': 'l1', 'SVM__C': 0.1, 'SVM__loss': 'squared_hinge', 'SVM__class_weight': None, 'SVM__dual': False, 'TFIDF__tokenizer': <function tokenizer4 at 0x7fbe4c02a1e0>, 'TFIDF__use_idf': True}	23	2	23	21	0.8672768879	0.9583333333	0.1666666667	0.7031446912	0.8621260344	0.9756097561	0.1291364003	0.6857017083	0.8627002288	0.95	0.1376811594	0.6803914619	0.8632718014	0.9661016949	0.1380145278	0.6700773335	0.8533791523	0.8571428571	0.0869565217	0.656122449	0.8632892057	0.9661016949	0.1380145278	0.6748501518	0.8602520046	0.9	0.1304347826	0.7041654343	0.862907332	0.9709302326	0.1347861178	0.6875434456	0.8625429553	1	0.1304347826	0.6955289362	0.862398167	0.9647058824	0.1323648103	0.6875334438	0.86139748	0.9047619048	0.1376811594	0.6657744257	0.8634164969	0.9825581395	0.1364003228	0.685626379	0.8636884307	1	0.1376811594	0.6489894509	0.8631619145	0.9712643678	0.1364003228	0.6889992063	0.8635321101	0.95	0.1386861314	0.6627588262	0.8630520555	0.9712643678	0.1362903226	0.6880910972	0.8589449541	0.9375	0.1094890511	0.6603555291	0.8639429808	0.9621621622	0.1435483871	0.6730760699	0.8669724771	0.9565217391	0.1605839416	0.6680073489	0.8619065801	0.9754601227	0.1282258065	0.6849299458	0.1952332813	0.0800290754	0.0038155611	0.0420762414	0.0216208917	0.0190346134	0.0005959429	0.0058233332	0.0042788511	0.0067204978
9.2389891386	1.0256757021	0.8614961622	0.9348260948	0.1307295464	0.6736029817	0.8629981749	0.970161787	0.1357215757	0.6815771896	0.1		False	squared_hinge	l1	<function tokenizer3 at 0x7fbe4c02a268>	True	{'SVM__penalty': 'l1', 'SVM__C': 0.1, 'SVM__loss': 'squared_hinge', 'SVM__class_weight': None, 'SVM__dual': False, 'TFIDF__tokenizer': <function tokenizer3 at 0x7fbe4c02a268>, 'TFIDF__use_idf': True}	24	4	24	23	0.8661327231	0.9565217391	0.1594202899	0.7031496141	0.8622533418	0.9757575758	0.1299435028	0.6849531622	0.8638443936	0.9523809524	0.1449275362	0.6803422338	0.8635264163	0.9664804469	0.1396287328	0.6700543989	0.852233677	0.8	0.0869565217	0.6603667554	0.8631619145	0.9606741573	0.1380145278	0.6796128128	0.8591065292	0.8947368421	0.1231884058	0.7040569851	0.862907332	0.9709302326	0.1347861178	0.6867852547	0.8625429553	1	0.1304347826	0.6955585133	0.8625254582	0.9649122807	0.1331719128	0.6874933143	0.86139748	0.9047619048	0.1376811594	0.6656955536	0.8632892057	0.9824561404	0.1355932203	0.6853751734	0.86139748	1	0.1231884058	0.6489204377	0.8631619145	0.9712643678	0.1364003228	0.6895127782	0.8635321101	0.95	0.1386861314	0.6493669	0.8631793305	0.9714285714	0.1370967742	0.6723088014	0.8577981651	0.9333333333	0.102189781	0.660415115	0.8638157057	0.9619565217	0.1427419355	0.6747324828	0.8669724771	0.9565217391	0.1605839416	0.6680669348	0.8621611302	0.9757575758	0.1298387097	0.6849437178	0.2002599339	0.1266667655	0.0040919038	0.0553805074	0.0220721194	0.0199183845	0.0005104573	0.0064470058	0.00384119	0.006569931
9.2512507915	0.9509993315	0.9057165769	0.8123371361	0.5236115058	0.801877234	0.9164216325	0.8547731872	0.5664489443	0.8363124466	0.1	balanced	False	squared_hinge	l1	<function tokenizer6 at 0x7fbe50a8e730>	True	{'SVM__penalty': 'l1', 'SVM__C': 0.1, 'SVM__loss': 'squared_hinge', 'SVM__class_weight': 'balanced', 'SVM__dual': False, 'TFIDF__tokenizer': <function tokenizer6 at 0x7fbe50a8e730>, 'TFIDF__use_idf': True}	20	21	20	20	0.9038901602	0.77	0.5579710145	0.8278887051	0.9144493953	0.8504326329	0.5552865214	0.8282601525	0.9153318078	0.8333333333	0.5797101449	0.806504017	0.9168682368	0.8547215496	0.5698143664	0.8380434645	0.9049255441	0.816091954	0.5144927536	0.7963718821	0.9175152749	0.8625766871	0.5673930589	0.8441350531	0.9140893471	0.8387096774	0.5652173913	0.818115942	0.9150967413	0.8566084788	0.5544794189	0.8409862312	0.9026345934	0.8271604938	0.4855072464	0.7911761806	0.9157331976	0.8422301305	0.5730427764	0.8377663594	0.8969072165	0.7666666667	0.5	0.8076801735	0.9198065173	0.8673100121	0.580306699	0.8375604061	0.8980526919	0.8101265823	0.4637681159	0.7743665582	0.9168788187	0.858190709	0.5665859564	0.8405207781	0.9013761468	0.8148148148	0.4817518248	0.7891355082	0.9165075729	0.8535108959	0.5685483871	0.8434574678	0.9116972477	0.8333333333	0.5474452555	0.7885197875	0.9162530228	0.8548780488	0.5653225806	0.8237245706	0.9082568807	0.8131868132	0.5401459854	0.8189681712	0.9151075474	0.8472727273	0.5637096774	0.8286699825	0.1434638807	0.1786974374	0.0061114608	0.0238824058	0.0378547233	0.0159068217	0.0014471906	0.006834815	0.0072718728	0.0066345145
9.3985040426	0.9317338467	0.9064039409	0.8151160205	0.5265148423	0.8044137483	0.9161161789	0.8532323166	0.5655619777	0.8372341265	0.1	balanced	False	squared_hinge	l1	<function tokenizer5 at 0x7fbe4eaf4bf8>	True	{'SVM__penalty': 'l1', 'SVM__C': 0.1, 'SVM__loss': 'squared_hinge', 'SVM__class_weight': 'balanced', 'SVM__dual': False, 'TFIDF__tokenizer': <function tokenizer5 at 0x7fbe4eaf4bf8>, 'TFIDF__use_idf': True}	17	18	18	17	0.9073226545	0.7821782178	0.5724637681	0.8340766777	0.9155951623	0.8538083538	0.5609362389	0.8356189852	0.9130434783	0.829787234	0.5652173913	0.8039244644	0.9169955442	0.8583638584	0.5673930589	0.8330340247	0.9060710195	0.8255813953	0.5144927536	0.7952972493	0.9166242363	0.8596059113	0.5633575464	0.8427886422	0.9129438717	0.8369565217	0.5579710145	0.823025732	0.9145875764	0.8541147132	0.5528652139	0.8334723838	0.9037800687	0.8214285714	0.5	0.7944148674	0.9153513238	0.8392434988	0.5730427764	0.8424531525	0.8980526919	0.7692307692	0.5072463768	0.8073942621	0.9196792261	0.8627684964	0.583535109	0.8373423775	0.8991981672	0.8125	0.4710144928	0.76903776	0.9167515275	0.856272838	0.5673930589	0.8399430479	0.9025229358	0.825	0.4817518248	0.7959978152	0.9158711977	0.8500604595	0.5669354839	0.8480153149	0.9116972477	0.8333333333	0.5474452555	0.7947862357	0.9151075474	0.852398524	0.5588709677	0.8262790247	0.9094036697	0.8152173913	0.5474452555	0.826153235	0.9145984472	0.8456865128	0.5612903226	0.8333943118	0.2681779826	0.0482045005	0.0051813366	0.0211421525	0.0343218426	0.0181844642	0.0014388999	0.0065698663	0.0079879251	0.0059231204
9.3150180101	0.9982068539	0.9062893802	0.8120232002	0.5286934582	0.802343782	0.916230694	0.8526263991	0.5670133953	0.8359415596	0.1	balanced	False	squared_hinge	l1	<function tokenizer4 at 0x7fbe4c02a1e0>	True	{'SVM__penalty': 'l1', 'SVM__C': 0.1, 'SVM__loss': 'squared_hinge', 'SVM__class_weight': 'balanced', 'SVM__dual': False, 'TFIDF__tokenizer': <function tokenizer4 at 0x7fbe4c02a1e0>, 'TFIDF__use_idf': True}	18	22	17	19	0.9061784897	0.78	0.5652173913	0.8342046708	0.9149586251	0.8520345253	0.5577078289	0.8360593782	0.914187643	0.8315789474	0.5724637681	0.801522133	0.9159770847	0.8534798535	0.5641646489	0.8330434791	0.9049255441	0.816091954	0.5144927536	0.7943902199	0.9171334012	0.8611793612	0.5657788539	0.8461485403	0.9129438717	0.829787234	0.5652173913	0.8190722666	0.9154786151	0.8553770087	0.5585149314	0.8384584403	0.9049255441	0.8313253012	0.5	0.7909346347	0.9153513238	0.8400473934	0.5722356739	0.8368612507	0.8991981672	0.7717391304	0.5144927536	0.8073153899	0.9191700611	0.8621103118	0.580306699	0.8315893479	0.8991981672	0.8125	0.4710144928	0.769328601	0.9166242363	0.8552311436	0.5673930589	0.8312017753	0.9013761468	0.8148148148	0.4817518248	0.7960127117	0.9161257477	0.8495788207	0.5693548387	0.848610495	0.9094036697	0.8152173913	0.5474452555	0.7849049109	0.9161257477	0.8504221954	0.5685483871	0.8235187225	0.9105504587	0.8172043011	0.5547445255	0.8257162719	0.9153620975	0.8468033776	0.5661290323	0.8339241665	0.2506194225	0.1376599384	0.0051284042	0.0194485665	0.0351746693	0.0186943687	0.0011579082	0.0062033234	0.0061741867	0.0069287929
9.4827682495	0.9319517374	0.9061748196	0.8161086034	0.5236151294	0.8033564757	0.9158997562	0.8523964863	0.5646739046	0.8378089644	0.1	balanced	False	squared_hinge	l1	<function tokenizer3 at 0x7fbe4c02a268>	True	{'SVM__penalty': 'l1', 'SVM__C': 0.1, 'SVM__loss': 'squared_hinge', 'SVM__class_weight': 'balanced', 'SVM__dual': False, 'TFIDF__tokenizer': <function tokenizer3 at 0x7fbe4c02a268>, 'TFIDF__use_idf': True}	19	17	19	18	0.9061784897	0.78	0.5652173913	0.8308423913	0.9154678549	0.8518971848	0.5617433414	0.8373279783	0.9130434783	0.829787234	0.5652173913	0.8048450299	0.91521324	0.8532675709	0.5585149314	0.8333077149	0.9060710195	0.8333333333	0.5072463768	0.804318249	0.9171334012	0.8602941176	0.5665859564	0.8484998957	0.9152348225	0.847826087	0.5652173913	0.821773637	0.9145875764	0.8532338308	0.5536723164	0.838252914	0.901489118	0.8170731707	0.4855072464	0.7912304052	0.9148421589	0.8400954654	0.5682001614	0.8357846465	0.8980526919	0.7692307692	0.5072463768	0.8068520162	0.9194246436	0.8641826923	0.580306699	0.8355746681	0.8991981672	0.8205128205	0.4637681159	0.7685546682	0.916496945	0.8541919806	0.5673930589	0.8395999348	0.9013761468	0.8148148148	0.4817518248	0.7891156463	0.9157439226	0.8498789346	0.5661290323	0.8442766554	0.9116972477	0.8333333333	0.5474452555	0.7913550822	0.9149802724	0.8504901961	0.5596774194	0.8295006874	0.9094036697	0.8152173913	0.5474452555	0.8246387606	0.9151075474	0.84643289	0.564516129	0.8359645488	0.1819657925	0.0584412095	0.0057431687	0.0230491177	0.0369492883	0.0180785256	0.0013892029	0.0063487942	0.0068009686	0.0051141331
9.3690318108	1.0011359215	0.9411158208	0.9069587496	0.6986547709	0.9090018167	0.9709143252	0.9681454608	0.8433793512	0.9942209562	1		False	squared_hinge	l1	<function tokenizer6 at 0x7fbe50a8e730>	True	{'SVM__penalty': 'l1', 'SVM__C': 1.0, 'SVM__loss': 'squared_hinge', 'SVM__class_weight': None, 'SVM__dual': False, 'TFIDF__tokenizer': <function tokenizer6 at 0x7fbe50a8e730>, 'TFIDF__use_idf': True}	11	8	15	11	0.9473684211	0.9107142857	0.7391304348	0.9282106569	0.9713558243	0.9703153989	0.8442292171	0.9937422718	0.9485125858	0.9266055046	0.731884058	0.9105033081	0.9700827498	0.9674115456	0.8385794996	0.9928281208	0.9427262314	0.94	0.6811594203	0.8937099477	0.9707230143	0.9693023256	0.8410008071	0.9948095759	0.9473081329	0.8833333333	0.768115942	0.9342502218	0.970595723	0.969273743	0.8401937046	0.9943185082	0.9358533792	0.91	0.6594202899	0.8647540175	0.9730142566	0.9672429481	0.8579499596	0.9946217968	0.9335624284	0.9	0.652173913	0.8937888199	0.9714867617	0.9668813247	0.8482647296	0.9947976224	0.9266895762	0.8854166667	0.615942029	0.8901064774	0.9698319756	0.9708646617	0.8337368846	0.994451277	0.9380733945	0.9108910891	0.6715328467	0.9156661205	0.9704721904	0.9666666667	0.8419354839	0.9943453933	0.9426605505	0.8990825688	0.7153284672	0.9310194151	0.9713631157	0.9660238751	0.8483870968	0.9942864055	0.9483944954	0.9035087719	0.7518248175	0.9280401212	0.9702176403	0.967472119	0.839516129	0.9940085898	0.2210437103	0.1119698001	0.0070165542	0.0163149593	0.0471768747	0.0216344141	0.0008840638	0.0015750108	0.0064093692	0.0005600224
9.3291432858	0.9593275785	0.9416886241	0.9090116179	0.7008576186	0.9067008899	0.9707998036	0.9682041084	0.8425730948	0.9943623129	1		False	squared_hinge	l1	<function tokenizer5 at 0x7fbe4eaf4bf8>	True	{'SVM__penalty': 'l1', 'SVM__C': 1.0, 'SVM__loss': 'squared_hinge', 'SVM__class_weight': None, 'SVM__dual': False, 'TFIDF__tokenizer': <function tokenizer5 at 0x7fbe4eaf4bf8>, 'TFIDF__use_idf': True}	9	5	13	15	0.9473684211	0.9107142857	0.7391304348	0.9196301985	0.9714831318	0.9694727105	0.8458434221	0.9943869412	0.9439359268	0.9158878505	0.7101449275	0.9104146975	0.9713558243	0.9677121771	0.8466505246	0.9934232003	0.9427262314	0.94	0.6811594203	0.8855368234	0.970086558	0.9682835821	0.8377723971	0.9956017366	0.9461626575	0.8823529412	0.7608695652	0.9258799172	0.9699592668	0.9708920188	0.8345439871	0.9936979651	0.9358533792	0.91	0.6594202899	0.8709504091	0.9723778004	0.9688073394	0.8523002421	0.9946219798	0.9301260023	0.8811881188	0.6449275362	0.8977817214	0.9718686354	0.9669724771	0.8506860371	0.9946704645	0.9301260023	0.9052631579	0.6231884058	0.8881888987	0.970595723	0.9710280374	0.8385794996	0.9939064188	0.9415137615	0.9215686275	0.6861313869	0.9101792542	0.9695812651	0.9681945744	0.8346774194	0.9945393585	0.9483944954	0.9035087719	0.7518248175	0.9323998212	0.9711085656	0.9659613615	0.8467741935	0.9949717736	0.9506880734	0.9196428571	0.7518248175	0.9260837182	0.9695812651	0.9647168059	0.8379032258	0.9938032902	0.1803075686	0.1216300274	0.0069698353	0.0167670488	0.0467209787	0.0193512741	0.0009343687	0.0019007679	0.0062691177	0.000628139
9.4818538666	0.9279853582	0.9415740635	0.9089670346	0.7001203669	0.905684746	0.971067073	0.9676741301	0.8448311594	0.9943874469	1		False	squared_hinge	l1	<function tokenizer4 at 0x7fbe4c02a1e0>	True	{'SVM__penalty': 'l1', 'SVM__C': 1.0, 'SVM__loss': 'squared_hinge', 'SVM__class_weight': None, 'SVM__dual': False, 'TFIDF__tokenizer': <function tokenizer4 at 0x7fbe4c02a1e0>, 'TFIDF__use_idf': True}	10	6	14	16	0.9485125858	0.9189189189	0.7391304348	0.9253751181	0.970973902	0.9711090401	0.8410008071	0.9942991066	0.9462242563	0.9252336449	0.7173913043	0.9041233459	0.9711012094	0.9685185185	0.8442292171	0.9932906555	0.9438717068	0.9405940594	0.6884057971	0.8906092872	0.9704684318	0.9692451072	0.8393866021	0.9946164909	0.9438717068	0.8739495798	0.7536231884	0.934329094	0.970086558	0.9718045113	0.8345439871	0.9942010472	0.9369988545	0.9191919192	0.6594202899	0.8580301686	0.9731415479	0.9672727273	0.8587570621	0.9945929499	0.9301260023	0.8737864078	0.652173913	0.8887705807	0.971614053	0.9669117647	0.8490718321	0.9943341819	0.9289805269	0.8958333333	0.6231884058	0.8822537711	0.9704684318	0.9692451072	0.8393866021	0.994301005	0.9426605505	0.9223300971	0.6934306569	0.9143105417	0.9707267405	0.9650092081	0.8451612903	0.9948856075	0.9449541284	0.9009009009	0.7299270073	0.9299865932	0.9716176658	0.9635369189	0.8524193548	0.9946522764	0.9495412844	0.9189189189	0.7445255474	0.929102736	0.9704721904	0.9640883978	0.8443548387	0.9947011486	0.2158044138	0.0488060769	0.0068340448	0.0210904239	0.0419517823	0.0239939118	0.000840446	0.002689344	0.0067080318	0.0004203819
9.4086603403	1.008623457	0.9411158208	0.9079899922	0.6979534519	0.9068949577	0.9710416488	0.9675693626	0.8447514254	0.9945367187	1		False	squared_hinge	l1	<function tokenizer3 at 0x7fbe4c02a268>	True	{'SVM__penalty': 'l1', 'SVM__C': 1.0, 'SVM__loss': 'squared_hinge', 'SVM__class_weight': None, 'SVM__dual': False, 'TFIDF__tokenizer': <function tokenizer3 at 0x7fbe4c02a268>, 'TFIDF__use_idf': True}	11	7	16	14	0.9462242563	0.9026548673	0.7391304348	0.9250009846	0.9719923616	0.9687212511	0.8498789346	0.9945454095	0.9439359268	0.9238095238	0.7028985507	0.9069687303	0.9714831318	0.9677419355	0.8474576271	0.9940250504	0.941580756	0.9393939394	0.6739130435	0.8865670906	0.9709775967	0.9667590028	0.8450363196	0.9954029798	0.9438717068	0.8803418803	0.7463768116	0.9224686976	0.9688136456	0.9697542533	0.8280871671	0.9942610584	0.9358533792	0.9183673469	0.652173913	0.8691511387	0.9722505092	0.9679193401	0.8523002421	0.9952322161	0.9335624284	0.8846153846	0.6666666667	0.8966479345	0.9718686354	0.9661172161	0.8514931396	0.9944510331	0.9289805269	0.9042553191	0.615942029	0.8872818693	0.9714867617	0.9720930233	0.8434221146	0.9946871139	0.9403669725	0.9047619048	0.6934306569	0.9154873628	0.9700903653	0.9657089898	0.8403225806	0.9950016941	0.9483944954	0.9181818182	0.7372262774	0.933025473	0.9716176658	0.9652333028	0.8508064516	0.9945229663	0.9483944954	0.9035087719	0.7518248175	0.9263915785	0.9698358152	0.965645311	0.8387096774	0.993237665	0.1920761324	0.1356344961	0.0061672693	0.0168292057	0.0434824327	0.0200852055	0.0010536133	0.0020518751	0.0071300539	0.0005921052
9.7443455935	0.938888073	0.9391682896	0.8135037131	0.7981459958	0.9106789669	0.985208939	0.9173660641	0.9959653987	0.9970609799	1	balanced	False	squared_hinge	l1	<function tokenizer6 at 0x7fbe50a8e730>	True	{'SVM__penalty': 'l1', 'SVM__C': 1.0, 'SVM__loss': 'squared_hinge', 'SVM__class_weight': 'balanced', 'SVM__dual': False, 'TFIDF__tokenizer': <function tokenizer6 at 0x7fbe50a8e730>, 'TFIDF__use_idf': True}	14	20	3	8	0.942791762	0.8142857143	0.8260869565	0.923484759	0.9851050286	0.9167904903	0.9959644875	0.9968586927	0.942791762	0.8333333333	0.7971014493	0.9185471802	0.9851050286	0.9192825112	0.9927360775	0.9963750533	0.9427262314	0.84375	0.7826086957	0.8959479444	0.9844704684	0.9121771218	0.9975786925	0.9969182638	0.9450171821	0.8040540541	0.8623188406	0.9385191758	0.9847250509	0.9153674833	0.995157385	0.9970406038	0.9335624284	0.8333333333	0.7246376812	0.8694222617	0.9845977597	0.9134615385	0.99677159	0.9976268113	0.9335624284	0.7985074627	0.7753623188	0.8936261461	0.9861252546	0.921641791	0.99677159	0.9969936438	0.9312714777	0.7910447761	0.768115942	0.8909099872	0.9859979633	0.9215832711	0.9959644875	0.9969440613	0.9380733945	0.7985611511	0.8102189781	0.9173394905	0.9853633702	0.9169755374	0.9975806452	0.9974429256	0.9461009174	0.8308823529	0.8248175182	0.9355082179	0.98459972	0.9153674833	0.9943548387	0.9969930214	0.9357798165	0.7872340426	0.8102189781	0.9235115944	0.9859997454	0.9210134128	0.9967741935	0.9974167223	0.22620925	0.1819557	0.0050898983	0.0193270385	0.0360136624	0.0210405684	0.0006047468	0.0032200231	0.0014436441	0.0003387656
9.6826616287	0.952919054	0.9397410929	0.8144666514	0.801066014	0.9086153727	0.9853362448	0.9181139565	0.9958848838	0.9970141211	1	balanced	False	squared_hinge	l1	<function tokenizer5 at 0x7fbe4eaf4bf8>	True	{'SVM__penalty': 'l1', 'SVM__C': 1.0, 'SVM__loss': 'squared_hinge', 'SVM__class_weight': 'balanced', 'SVM__dual': False, 'TFIDF__tokenizer': <function tokenizer5 at 0x7fbe4eaf4bf8>, 'TFIDF__use_idf': True}	13	19	1	12	0.9462242563	0.8226950355	0.8405797101	0.9193594439	0.9863781031	0.923019432	0.99677159	0.9974420609	0.9473684211	0.8484848485	0.8115942029	0.9246317738	0.9851050286	0.9180327869	0.9943502825	0.9964064664	0.9381443299	0.828125	0.768115942	0.8904959085	0.9851069246	0.9149408284	0.998385795	0.9975351477	0.9427262314	0.7933333333	0.8623188406	0.9300108449	0.9861252546	0.9229041916	0.995157385	0.9964592144	0.9335624284	0.8278688525	0.731884058	0.8677462289	0.9839613035	0.910701107	0.9959644875	0.9970896374	0.9335624284	0.7941176471	0.7826086957	0.8953859805	0.9847250509	0.9147516679	0.9959644875	0.9969968761	0.9289805269	0.796875	0.7391304348	0.8899733807	0.9858706721	0.9208955224	0.9959644875	0.9968927712	0.9438073394	0.8188405797	0.8248175182	0.9100302895	0.9854906453	0.9188988095	0.9959677419	0.9968447596	0.9426605505	0.8085106383	0.8321167883	0.9321267193	0.9854906453	0.9195230999	0.9951612903	0.997566081	0.9403669725	0.8057553957	0.8175182482	0.9264114405	0.9851088202	0.917472119	0.9951612903	0.9969081959	0.2219799021	0.1718323899	0.0057391855	0.0170098655	0.0415612999	0.0205481529	0.0006680635	0.0036618498	0.0010487188	0.0003869181
9.5666023016	1.0448592663	0.9388246076	0.8100269655	0.8003351793	0.9075430566	0.9852089568	0.9173063477	0.9960461741	0.9971163176	1	balanced	False	squared_hinge	l1	<function tokenizer4 at 0x7fbe4c02a1e0>	True	{'SVM__penalty': 'l1', 'SVM__C': 1.0, 'SVM__loss': 'squared_hinge', 'SVM__class_weight': 'balanced', 'SVM__dual': False, 'TFIDF__tokenizer': <function tokenizer4 at 0x7fbe4c02a1e0>, 'TFIDF__use_idf': True}	15	23	2	13	0.9450800915	0.8082191781	0.8550724638	0.9217765438	0.9856142584	0.9188988095	0.99677159	0.997406805	0.9416475973	0.8372093023	0.7826086957	0.9145203214	0.985486951	0.9207180254	0.99354318	0.9964175677	0.9358533792	0.8153846154	0.768115942	0.8952085182	0.9842158859	0.9108327192	0.9975786925	0.9969852276	0.9473081329	0.8108108108	0.8695652174	0.929429163	0.9844704684	0.9146250928	0.9943502825	0.9970245033	0.932416953	0.826446281	0.7246376812	0.8627575668	0.9852342159	0.9168522643	0.99677159	0.9970951262	0.9347079038	0.795620438	0.7898550725	0.8904071774	0.9856160896	0.9188988095	0.99677159	0.9969334496	0.9266895762	0.7803030303	0.7463768116	0.8842255743	0.9859979633	0.9209545116	0.99677159	0.9969352792	0.9426605505	0.8175182482	0.8175182482	0.9148766076	0.9856179203	0.9195830231	0.9959677419	0.9974124567	0.9426605505	0.8129496403	0.8248175182	0.9296688018	0.9854906453	0.9195230999	0.9951612903	0.997513187	0.9392201835	0.7957746479	0.8248175182	0.9325984408	0.9843451699	0.9121771218	0.9967741935	0.997439574	0.2498879921	0.1685578328	0.0060233715	0.0154942857	0.0440352754	0.0221271538	0.000596218	0.0034019097	0.0012212181	0.0003185297
9.9982522726	0.8823743105	0.9373353191	0.8053049824	0.795973494	0.9090164461	0.9853489918	0.9176904272	0.9965305007	0.9971736309	1	balanced	False	squared_hinge	l1	<function tokenizer3 at 0x7fbe4c02a268>	True	{'SVM__penalty': 'l1', 'SVM__C': 1.0, 'SVM__loss': 'squared_hinge', 'SVM__class_weight': 'balanced', 'SVM__dual': False, 'TFIDF__tokenizer': <function tokenizer3 at 0x7fbe4c02a268>, 'TFIDF__use_idf': True}	16	24	4	10	0.9450800915	0.8125	0.847826087	0.9212153434	0.9856142584	0.9182763744	0.9975786925	0.9974274828	0.9405034325	0.8257575758	0.7898550725	0.9152488973	0.986632718	0.9250374813	0.9959644875	0.9964833217	0.932416953	0.7969924812	0.768115942	0.8902297151	0.9848523422	0.9135893648	0.998385795	0.9975177664	0.941580756	0.7919463087	0.8550724638	0.9296559203	0.9848523422	0.9154302671	0.9959644875	0.9969498551	0.9347079038	0.8347107438	0.731884058	0.8671152519	0.9842158859	0.9114391144	0.99677159	0.9976082102	0.9278350515	0.7697841727	0.7753623188	0.8970422952	0.9852342159	0.9168522643	0.99677159	0.9969722374	0.9312714777	0.8046875	0.7463768116	0.8896578921	0.9866344196	0.9244011976	0.99677159	0.9975004461	0.9415137615	0.8208955224	0.802919708	0.9179353493	0.9859997454	0.9203869048	0.9975806452	0.9973947238	0.9426605505	0.8085106383	0.8321167883	0.9339490541	0.9851088202	0.9180938198	0.9943548387	0.9970000902	0.9357798165	0.7872340426	0.8102189781	0.9281543274	0.9843451699	0.9133974833	0.9951612903	0.9968821754	0.2409651581	0.0538219757	0.0054263874	0.0185056835	0.0394304529	0.0207541697	0.0008154685	0.0043235232	0.001143109	0.0003477994
11.3700556278	0.8722882509	0.9447817619	0.873194453	0.7611320985	0.911880337	0.9940046635	0.9746079011	0.9877346455	0.9988599864	5		False	squared_hinge	l1	<function tokenizer6 at 0x7fbe50a8e730>	True	{'SVM__penalty': 'l1', 'SVM__C': 5.0, 'SVM__loss': 'squared_hinge', 'SVM__class_weight': None, 'SVM__dual': False, 'TFIDF__tokenizer': <function tokenizer6 at 0x7fbe50a8e730>, 'TFIDF__use_idf': True}	4	11	12	7	0.9530892449	0.8646616541	0.8333333333	0.9297958018	0.9938892425	0.9752593775	0.9862792575	0.9987697055	0.9462242563	0.8888888889	0.7536231884	0.9136785208	0.99401655	0.9737678855	0.988700565	0.9982097598	0.9473081329	0.9035087719	0.7463768116	0.8912944888	0.9941446029	0.9760574621	0.98708636	0.9987460454	0.9518900344	0.8692307692	0.8188405797	0.9283939663	0.9943991853	0.9776179057	0.98708636	0.9987917857	0.9369988545	0.8952380952	0.6811594203	0.8739869861	0.9940173116	0.9752791069	0.98708636	0.9992996858	0.9347079038	0.852173913	0.7101449275	0.9087153702	0.9937627291	0.9744816587	0.9862792575	0.9987284812	0.9358533792	0.8660714286	0.7028985507	0.8966972296	0.9942718941	0.9768370607	0.98708636	0.9987211017	0.9449541284	0.8617886179	0.7737226277	0.9145737127	0.993763523	0.9714964371	0.989516129	0.999280202	0.9483944954	0.8709677419	0.7883211679	0.9353989771	0.993890798	0.973015873	0.9887096774	0.9987626568	0.9483944954	0.859375	0.802919708	0.9262922687	0.993890798	0.9722662441	0.989516129	0.9992904396	0.9745022867	0.0625174645	0.0062929142	0.0159957157	0.0488401139	0.0186147715	0.0002007181	0.001882183	0.001189473	0.0003240126
11.6310334444	0.8873694897	0.9465001718	0.881826884	0.7640398888	0.9105609135	0.9940555799	0.9751444129	0.987492645	0.9988066976	5		False	squared_hinge	l1	<function tokenizer5 at 0x7fbe4eaf4bf8>	True	{'SVM__penalty': 'l1', 'SVM__C': 5.0, 'SVM__loss': 'squared_hinge', 'SVM__class_weight': None, 'SVM__dual': False, 'TFIDF__tokenizer': <function tokenizer5 at 0x7fbe4eaf4bf8>, 'TFIDF__use_idf': True}	1	9	10	9	0.9553775744	0.8778625954	0.8333333333	0.9282057341	0.9941438574	0.9745425617	0.988700565	0.9992962252	0.9473684211	0.8965517241	0.7536231884	0.9156624134	0.99401655	0.974522293	0.9878934625	0.9981847513	0.9461626575	0.9026548673	0.7391304348	0.8787143843	0.9942718941	0.976076555	0.9878934625	0.999280109	0.9495990836	0.8560606061	0.8188405797	0.929779158	0.9943991853	0.9783827062	0.9862792575	0.9982838247	0.9404352806	0.9134615385	0.6884057971	0.8799418318	0.9940173116	0.9768	0.985472155	0.998776295	0.9392898053	0.8695652174	0.7246376812	0.9065858227	0.9936354379	0.9744612929	0.985472155	0.998734153	0.9358533792	0.8660714286	0.7028985507	0.8939169871	0.9942718941	0.9768370607	0.98708636	0.9987101241	0.9472477064	0.8760330579	0.7737226277	0.9026515716	0.993890798	0.9737678855	0.9879032258	0.9987445582	0.9506880734	0.8790322581	0.795620438	0.9375291723	0.9941453481	0.9738095238	0.989516129	0.9992978131	0.9529816514	0.880952381	0.8102189781	0.9326431302	0.993763523	0.9722442506	0.9887096774	0.9987591224	0.6679157101	0.0903052331	0.0059293781	0.0166500914	0.0477212049	0.0205624258	0.000227916	0.0017396858	0.0013163111	0.0003723978
11.4415529728	0.8539398193	0.9460419292	0.8789870944	0.7640398888	0.9126070986	0.9940683058	0.9749959941	0.9877345153	0.9989137355	5		False	squared_hinge	l1	<function tokenizer4 at 0x7fbe4c02a1e0>	True	{'SVM__penalty': 'l1', 'SVM__C': 5.0, 'SVM__loss': 'squared_hinge', 'SVM__class_weight': None, 'SVM__dual': False, 'TFIDF__tokenizer': <function tokenizer4 at 0x7fbe4c02a1e0>, 'TFIDF__use_idf': True}	2	10	10	5	0.9542334096	0.8656716418	0.8405797101	0.9267042769	0.9941438574	0.9745425617	0.988700565	0.9992883566	0.9439359268	0.8803418803	0.7463768116	0.9139886578	0.99401655	0.9752791069	0.98708636	0.998222142	0.9358533792	0.8534482759	0.7173913043	0.8954845706	0.9941446029	0.9760574621	0.98708636	0.9987443378	0.9553264605	0.8666666667	0.847826087	0.9271517303	0.9943991853	0.9768555467	0.9878934625	0.9987798323	0.9404352806	0.9134615385	0.6884057971	0.8736419205	0.9940173116	0.9768	0.985472155	0.9987803202	0.9369988545	0.8672566372	0.7101449275	0.9064675145	0.9936354379	0.9744612929	0.985472155	0.9987267126	0.941580756	0.8990825688	0.7101449275	0.8918515232	0.9942718941	0.9776	0.9862792575	0.998724761	0.9483944954	0.8833333333	0.7737226277	0.9173990764	0.9940180731	0.9722882027	0.9903225806	0.9992823348	0.9529816514	0.893442623	0.795620438	0.936431799	0.9941453481	0.9738095238	0.989516129	0.9992944005	0.9506880734	0.8671875	0.8102189781	0.9369928993	0.993890798	0.9722662441	0.989516129	0.9992941568	0.5030374174	0.0578374041	0.0068555741	0.0175507835	0.0548879009	0.0196893444	0.0001987663	0.0017715241	0.0016492249	0.0003434019
11.6564489126	0.9168783188	0.9453545652	0.8721425382	0.7669404319	0.9136755039	0.9940683042	0.9749954636	0.9877347757	0.9989692082	5		False	squared_hinge	l1	<function tokenizer3 at 0x7fbe4c02a268>	True	{'SVM__penalty': 'l1', 'SVM__C': 5.0, 'SVM__loss': 'squared_hinge', 'SVM__class_weight': None, 'SVM__dual': False, 'TFIDF__tokenizer': <function tokenizer3 at 0x7fbe4c02a268>, 'TFIDF__use_idf': True}	3	12	9	2	0.9530892449	0.8592592593	0.8405797101	0.9368058837	0.99401655	0.974522293	0.9878934625	0.9992882347	0.9485125858	0.8974358974	0.7608695652	0.9180942817	0.9937619351	0.972972973	0.9878934625	0.9982257408	0.9427262314	0.8859649123	0.731884058	0.8903430938	0.9941446029	0.9752988048	0.9878934625	0.9992796821	0.9495990836	0.8507462687	0.8260869565	0.927634822	0.9945264766	0.9784	0.98708636	0.9987733676	0.9369988545	0.8878504673	0.6884057971	0.8852361234	0.9942718941	0.9768370607	0.98708636	0.9993047477	0.9381443299	0.8620689655	0.7246376812	0.9078527063	0.9937627291	0.9744816587	0.9862792575	0.998729396	0.9392898053	0.8761061947	0.7173913043	0.896342305	0.9943991853	0.9776179057	0.98708636	0.9992633375	0.9472477064	0.8760330579	0.7737226277	0.9146233676	0.9940180731	0.9722882027	0.9903225806	0.9992857474	0.9483944954	0.8709677419	0.7883211679	0.9327176126	0.9940180731	0.9737887212	0.9887096774	0.998778135	0.9495412844	0.8549618321	0.8175182482	0.9271115746	0.993763523	0.9737470167	0.9870967742	0.9987636927	1.019350448	0.1071817084	0.0053267308	0.014598016	0.048647605	0.0172665254	0.0002558377	0.0019202612	0.001072829	0.0003499744
15.1038214922	0.8574216366	0.9428342307	0.8362825879	0.7937887641	0.9129687755	0.9932536435	0.9602722559	0.9985474759	0.9988470468	5	balanced	False	squared_hinge	l1	<function tokenizer6 at 0x7fbe50a8e730>	True	{'SVM__penalty': 'l1', 'SVM__C': 5.0, 'SVM__loss': 'squared_hinge', 'SVM__class_weight': 'balanced', 'SVM__dual': False, 'TFIDF__tokenizer': <function tokenizer6 at 0x7fbe50a8e730>, 'TFIDF__use_idf': True}	8	16	5	3	0.9508009153	0.8467153285	0.8405797101	0.9295496613	0.9935073202	0.9618973561	0.998385795	0.998744941	0.9450800915	0.8571428571	0.7826086957	0.9135751418	0.9931253978	0.9603729604	0.9975786925	0.9982638025	0.9473081329	0.8709677419	0.7826086957	0.8940550133	0.9928716904	0.9581719597	0.998385795	0.9987420203	0.9473081329	0.823943662	0.847826087	0.9289460712	0.9935081466	0.9618973561	0.998385795	0.9988145949	0.9404352806	0.8644067797	0.7391304348	0.8726658779	0.9928716904	0.9574632637	0.9991928975	0.9992825484	0.9335624284	0.803030303	0.768115942	0.9097259194	0.9929989817	0.9589147287	0.998385795	0.9987251879	0.9335624284	0.8174603175	0.7463768116	0.9011042098	0.9932535642	0.9604037267	0.998385795	0.9986573093	0.9403669725	0.8244274809	0.7883211679	0.9198520284	0.9936362479	0.9619565217	0.9991935484	0.9992420549	0.9461009174	0.8358208955	0.8175182482	0.9351407716	0.9932544228	0.9604344453	0.9983870968	0.9987386473	0.9438073394	0.8188405797	0.8248175182	0.9251005512	0.9935089729	0.9612102405	0.9991935484	0.9992593613	2.4150524172	0.0492352065	0.005513889	0.0214380144	0.0357939044	0.0183029371	0.0002671665	0.0015230483	0.0004843919	0.000306754
14.0424198627	0.8784109116	0.9447817619	0.849541431	0.7923518538	0.9122517658	0.9933045649	0.9606424742	0.9984668307	0.9987942503	5	balanced	False	squared_hinge	l1	<function tokenizer5 at 0x7fbe4eaf4bf8>	True	{'SVM__penalty': 'l1', 'SVM__C': 5.0, 'SVM__loss': 'squared_hinge', 'SVM__class_weight': 'balanced', 'SVM__dual': False, 'TFIDF__tokenizer': <function tokenizer5 at 0x7fbe4eaf4bf8>, 'TFIDF__use_idf': True}	4	13	6	6	0.9496567506	0.8455882353	0.8333333333	0.9256803324	0.9936346276	0.9619269619	0.9991928975	0.9992537108	0.9496567506	0.8852459016	0.7826086957	0.9227266462	0.9932527053	0.9611197512	0.9975786925	0.998223423	0.9495990836	0.8983050847	0.768115942	0.8842502218	0.9932535642	0.9596899225	0.9991928975	0.9992495545	0.9461626575	0.8226950355	0.8405797101	0.9311840678	0.9936354379	0.9633671083	0.9975786925	0.9983534109	0.9392898053	0.8695652174	0.7246376812	0.8823474317	0.9927443992	0.9574303406	0.998385795	0.9987870287	0.9392898053	0.8294573643	0.7753623188	0.9023858819	0.9929989817	0.9589147287	0.998385795	0.9987284202	0.9392898053	0.8512396694	0.7463768116	0.8996253574	0.9932535642	0.9604037267	0.998385795	0.9986241324	0.9472477064	0.8582677165	0.795620438	0.9133720642	0.9935089729	0.9619269619	0.9983870968	0.9987050705	0.9483944954	0.8432835821	0.8248175182	0.9322160981	0.9933816978	0.9604651163	0.9991935484	0.9992536331	0.9392201835	0.7916666667	0.8321167883	0.9287452207	0.9933816978	0.9611801242	0.9983870968	0.9987641193	1.3802592061	0.048851179	0.0046175172	0.0294271371	0.037844246	0.0180427224	0.000262137	0.0015980935	0.0005650185	0.0003452258
13.5130170822	0.8538447857	0.94443808	0.8487287885	0.7894440635	0.9144194524	0.9933045584	0.9604989813	0.998628121	0.9988992889	5	balanced	False	squared_hinge	l1	<function tokenizer4 at 0x7fbe4c02a1e0>	True	{'SVM__penalty': 'l1', 'SVM__C': 5.0, 'SVM__loss': 'squared_hinge', 'SVM__class_weight': 'balanced', 'SVM__dual': False, 'TFIDF__tokenizer': <function tokenizer4 at 0x7fbe4c02a1e0>, 'TFIDF__use_idf': True}	6	14	8	1	0.9519450801	0.8529411765	0.8405797101	0.9302979285	0.9936346276	0.9619269619	0.9991928975	0.9992474282	0.9496567506	0.8916666667	0.7753623188	0.9118620038	0.9931253978	0.9603729604	0.9975786925	0.9982457476	0.9473081329	0.8833333333	0.768115942	0.8956225969	0.9929989817	0.9589147287	0.998385795	0.9987370194	0.950744559	0.8368794326	0.8550724638	0.9310066055	0.9936354379	0.9626459144	0.998385795	0.9987927615	0.9347079038	0.8461538462	0.7173913043	0.8784334023	0.9926171079	0.9566898685	0.998385795	0.9987853211	0.9358533792	0.8153846154	0.768115942	0.9078379178	0.9931262729	0.9596586501	0.998385795	0.9987259807	0.9335624284	0.8278688525	0.731884058	0.9014295573	0.9932535642	0.9604037267	0.998385795	0.9986826799	0.9483944954	0.8650793651	0.795620438	0.9200456825	0.9936362479	0.9619565217	0.9991935484	0.9992440049	0.9495412844	0.8549618321	0.8175182482	0.9333134714	0.9935089729	0.9612102405	0.9991935484	0.9992618597	0.9426605505	0.8129496403	0.8248175182	0.9343810517	0.9935089729	0.9612102405	0.9991935484	0.9992700863	0.7365142219	0.0265260342	0.0068059138	0.0251798917	0.0431454891	0.0178354554	0.0003231819	0.0016593662	0.0005170113	0.0003261469
14.4914849758	0.8727171183	0.943407034	0.841271336	0.7923304153	0.9126746695	0.9933300199	0.9605763883	0.9987089614	0.9989455828	5	balanced	False	squared_hinge	l1	<function tokenizer3 at 0x7fbe4c02a268>	True	{'SVM__penalty': 'l1', 'SVM__C': 5.0, 'SVM__loss': 'squared_hinge', 'SVM__class_weight': 'balanced', 'SVM__dual': False, 'TFIDF__tokenizer': <function tokenizer3 at 0x7fbe4c02a268>, 'TFIDF__use_idf': True}	7	15	7	4	0.9473684211	0.8285714286	0.8405797101	0.9332270006	0.9937619351	0.9626749611	0.9991928975	0.9992520639	0.9462242563	0.864	0.7826086957	0.9219882246	0.9929980904	0.9596273292	0.9975786925	0.9982590448	0.950744559	0.8925619835	0.7826086957	0.8897959184	0.9932535642	0.9596899225	0.9991928975	0.9992528478	0.9484536082	0.8251748252	0.8550724638	0.9276545401	0.9936354379	0.9626459144	0.998385795	0.9987745874	0.9404352806	0.8706896552	0.731884058	0.8787587499	0.9929989817	0.9582043344	0.9991928975	0.9992896229	0.9369988545	0.8167938931	0.7753623188	0.904919649	0.9929989817	0.9589147287	0.998385795	0.9987143932	0.932416953	0.816	0.7391304348	0.8976091886	0.9932535642	0.9596899225	0.9991928975	0.9991749673	0.9449541284	0.8503937008	0.7883211679	0.9201300958	0.9936362479	0.9619565217	0.9991935484	0.9992285267	0.9472477064	0.8527131783	0.802919708	0.9311236904	0.9933816978	0.9611801242	0.9983870968	0.9987386473	0.9392201835	0.7957746479	0.8248175182	0.9215452604	0.9933816978	0.9611801242	0.9983870968	0.9987711272	1.4454106992	0.0531825522	0.0055525771	0.0282029862	0.0379633878	0.0178028446	0.000268326	0.0014893226	0.0005352734	0.0003265976
