mean_fit_time	mean_score_time	mean_test_accuracy	mean_test_precision	mean_test_recall	mean_test_roc_auc	mean_train_accuracy	mean_train_precision	mean_train_recall	mean_train_roc_auc	param_depth	param_l2_leaf_reg	params	rank_test_accuracy	rank_test_precision	rank_test_recall	rank_test_roc_auc	split0_test_accuracy	split0_test_precision	split0_test_recall	split0_test_roc_auc	split0_train_accuracy	split0_train_precision	split0_train_recall	split0_train_roc_auc	split1_test_accuracy	split1_test_precision	split1_test_recall	split1_test_roc_auc	split1_train_accuracy	split1_train_precision	split1_train_recall	split1_train_roc_auc	split2_test_accuracy	split2_test_precision	split2_test_recall	split2_test_roc_auc	split2_train_accuracy	split2_train_precision	split2_train_recall	split2_train_roc_auc	split3_test_accuracy	split3_test_precision	split3_test_recall	split3_test_roc_auc	split3_train_accuracy	split3_train_precision	split3_train_recall	split3_train_roc_auc	split4_test_accuracy	split4_test_precision	split4_test_recall	split4_test_roc_auc	split4_train_accuracy	split4_train_precision	split4_train_recall	split4_train_roc_auc	split5_test_accuracy	split5_test_precision	split5_test_recall	split5_test_roc_auc	split5_train_accuracy	split5_train_precision	split5_train_recall	split5_train_roc_auc	split6_test_accuracy	split6_test_precision	split6_test_recall	split6_test_roc_auc	split6_train_accuracy	split6_train_precision	split6_train_recall	split6_train_roc_auc	split7_test_accuracy	split7_test_precision	split7_test_recall	split7_test_roc_auc	split7_train_accuracy	split7_train_precision	split7_train_recall	split7_train_roc_auc	split8_test_accuracy	split8_test_precision	split8_test_recall	split8_test_roc_auc	split8_train_accuracy	split8_train_precision	split8_train_recall	split8_train_roc_auc	split9_test_accuracy	split9_test_precision	split9_test_recall	split9_test_roc_auc	split9_train_accuracy	split9_train_precision	split9_train_recall	split9_train_roc_auc	std_fit_time	std_score_time	std_test_accuracy	std_test_precision	std_test_recall	std_test_roc_auc	std_train_accuracy	std_train_precision	std_train_recall	std_train_roc_auc
3.4762003660202025	0.04589858055114746	0.8765036086607859	0.8424858788679601	0.26942739678491134	0.8658117309090664	0.8834408423888928	0.8949638655690194	0.29613560623812124	0.8826226849400189	4	0.001	{'depth': 4, 'l2_leaf_reg': 0.001}	42	42	41	42	0.8924485125858124	0.9230769230769231	0.34782608695652173	0.8939429741650915	0.8798217695735201	0.9019073569482289	0.26715092816787733	0.8793584877026661	0.8764302059496567	0.8409090909090909	0.26811594202898553	0.8676453213610585	0.8831317632081477	0.8867469879518072	0.2970137207425343	0.8813785618155611	0.870561282932417	0.7777777777777778	0.2536231884057971	0.8426205264714581	0.8836558044806517	0.8896882494004796	0.2994350282485876	0.8836988103745789	0.8751431844215349	0.7959183673469388	0.2826086956521739	0.8692300108449176	0.8853105906313645	0.8894009216589862	0.3115415657788539	0.886388277900382	0.8762886597938144	0.96875	0.2246376811594203	0.8742581090407177	0.8781822810590632	0.8983050847457628	0.2566585956416465	0.8726471047073091	0.870561282932417	0.7659574468085106	0.2608695652173913	0.8592822636300897	0.8856924643584522	0.8866213151927438	0.3155770782889427	0.8847761464557442	0.8751431844215349	0.8372093023255814	0.2608695652173913	0.8571527161589273	0.8882382892057027	0.8865096359743041	0.3341404358353511	0.8881685506173536	0.8761467889908257	0.9142857142857143	0.23357664233576642	0.8505933760365461	0.876797759959272	0.9146341463414634	0.24193548387096775	0.8725557825152224	0.8818807339449541	0.84	0.30656934306569344	0.8814936193455484	0.8868524882270586	0.903448275862069	0.31693548387096776	0.8889600710779175	0.8704128440366973	0.7608695652173914	0.25547445255474455	0.8618600724961518	0.8867252131856943	0.8923766816143498	0.3209677419354839	0.8882950562334554	0.3880669779154114	0.0034448592536466135	0.006285017588124893	0.0681923683414389	0.03404227613982203	0.014236967671356437	0.0037286742001716128	0.008901360548388741	0.029080591180703223	0.0057976509848298085
3.9812727689743044	0.045340538024902344	0.8806277924160844	0.8537782455018521	0.2933874140117903	0.8705196715235585	0.8863303357949992	0.886470126757714	0.3206641021635554	0.8902372682954184	4	0.01	{'depth': 4, 'l2_leaf_reg': 0.01}	40	39	38	38	0.902745995423341	0.9206349206349206	0.42028985507246375	0.9095876654064272	0.8924252068746021	0.8832684824902723	0.36642453591606133	0.8972858982504321	0.8718535469107551	0.8421052631578947	0.2318840579710145	0.8622499212350347	0.8784213876511776	0.898876404494382	0.258272800645682	0.8785246078428502	0.8762886597938144	0.8260869565217391	0.2753623188405797	0.8553978112984325	0.8848014256619144	0.8901869158878505	0.3075060532687651	0.892363239304733	0.8785796105383734	0.8076923076923077	0.30434782608695654	0.8703440796608498	0.8877291242362525	0.8789808917197452	0.3341404358353511	0.8959076231727826	0.8820160366552119	0.926829268292683	0.2753623188405797	0.8862663906142167	0.8844195519348269	0.8839907192575406	0.3075060532687651	0.8863428425547569	0.8774341351660939	0.803921568627451	0.2971014492753623	0.8584639652962635	0.8896384928716904	0.8875	0.34382566585956414	0.8907602559162614	0.8751431844215349	0.8222222222222222	0.26811594202898553	0.8552597850734496	0.8862016293279023	0.891156462585034	0.3171912832929782	0.8909183343268123	0.8841743119266054	0.9090909090909091	0.291970802919708	0.861601867024182	0.8849433626065929	0.8766816143497758	0.3153225806451613	0.8905424444368611	0.8807339449541285	0.8666666666666667	0.2846715328467153	0.8801827300263171	0.8841797123584065	0.8909952606635071	0.3032258064516129	0.884126114553423	0.8772935779816514	0.8125	0.2846715328467153	0.865802671433537	0.8905434644266259	0.8830645161290323	0.3532258064516129	0.8956013225952703	0.5408260069979355	0.003037180703125261	0.008098367725967552	0.046093683279197106	0.04635544999941055	0.016268435969227064	0.0037802642994123332	0.00625403274615548	0.029079169472913537	0.005528640033454292
54.891265988349915	0.04941844940185547	0.9194638561118113	0.8590023721030706	0.5860292748113902	0.9279486065107105	0.9611257662749748	0.9666060947487033	0.7805224036033221	0.986408571857796	4	0.1	{'depth': 4, 'l2_leaf_reg': 0.1}	28	37	28	28	0.9382151029748284	0.9117647058823529	0.6739130434782609	0.960135081915564	0.9632081476766391	0.9620622568093385	0.7982243744955609	0.9896166677889979	0.9187643020594966	0.8764044943820225	0.5652173913043478	0.9172869407687461	0.9568427753023552	0.9629629629629629	0.7554479418886199	0.9844065503150824	0.9175257731958762	0.851063829787234	0.5797101449275363	0.9208419599723947	0.9630855397148677	0.9702675916749257	0.7901533494753834	0.9865748006669055	0.9152348224513173	0.8333333333333334	0.5797101449275363	0.9280489007197082	0.9618126272912424	0.9718592964824121	0.7804681194511703	0.986482100364422	0.9243986254295533	0.8673469387755102	0.6159420289855072	0.937138913536429	0.9604124236252546	0.9696356275303644	0.7732041969330105	0.9871357594710132	0.9163802978235968	0.8217821782178217	0.6014492753623188	0.9277136941733215	0.9623217922606925	0.971028971028971	0.784503631961259	0.987963963489254	0.9152348224513173	0.872093023255814	0.5434782608695652	0.9040816326530611	0.9637219959266803	0.9685658153241651	0.7958030669895076	0.987164728315539	0.9208715596330275	0.9047619047619048	0.5547445255474452	0.9376284820497542	0.9638538882525137	0.9732673267326732	0.792741935483871	0.9885519702428252	0.9220183486238532	0.8556701030927835	0.6058394160583942	0.9346243606931824	0.9574901361842942	0.9575757575757575	0.7645161290322581	0.9827318563621562	0.9059633027522935	0.7956989247311828	0.5401459854014599	0.911961865037986	0.9585083365152094	0.9588353413654619	0.7701612903225806	0.9834573215617642	1.2126503907509512	0.0036587730591908815	0.007851827490076266	0.03397819807432933	0.03829254022753575	0.014997563641564347	0.002513641829927868	0.005420383547013716	0.013603756554647814	0.002113648446237256
55.40240843296051	0.047176170349121097	0.9210677053499828	0.8700999463791694	0.5875062686907147	0.9316663514524658	0.9639260764257118	0.9699542979999125	0.7960118071285376	0.9884673136178467	4	1.0	{'depth': 4, 'l2_leaf_reg': 1.0}	25	31	27	26	0.9347826086956522	0.9090909090909091	0.6521739130434783	0.9592686672967864	0.9625716104392107	0.9664363277393879	0.7901533494753834	0.9896730283325185	0.9256292906178489	0.9010989010989011	0.5942028985507246	0.9324984247006931	0.9651177593889243	0.9698149951314509	0.8038740920096852	0.9901782603476493	0.9175257731958762	0.875	0.5579710144927537	0.9248151434486839	0.9657586558044806	0.9663461538461539	0.8111380145278451	0.990508098896098	0.9186712485681557	0.845360824742268	0.5942028985507246	0.9324361628709454	0.9630855397148677	0.9778449144008057	0.7836965294592413	0.9873612895490287	0.9243986254295533	0.86	0.6231884057971014	0.9355614709651976	0.9635947046843177	0.9685349065880039	0.7949959644874899	0.98837782155021	0.9163802978235968	0.8494623655913979	0.572463768115942	0.9276643990929705	0.9628309572301426	0.9758793969849247	0.7836965294592413	0.9879942130616434	0.9152348224513173	0.8809523809523809	0.5362318840579711	0.9043576851030266	0.9611761710794298	0.9688755020080321	0.7788539144471348	0.9835921074474568	0.9162844036697247	0.872093023255814	0.5474452554744526	0.9333680917622523	0.9639811632938781	0.9668292682926829	0.7991935483870968	0.9878449692141942	0.9254587155963303	0.86	0.6277372262773723	0.9432345200854064	0.9658902889143439	0.9700193423597679	0.8088709677419355	0.9892877948782949	0.9162844036697247	0.8478260869565217	0.5693430656934306	0.9234321465812603	0.965253913707522	0.9689621726479146	0.8056451612903226	0.9898555529013734	1.0903766487736402	0.0017375782991758111	0.005996091745342094	0.020899085897115758	0.03581624898390504	0.013388158276170082	0.001476987655421733	0.003697508301164809	0.010917781583813584	0.0019171948000195112
52.670032143592834	0.048567795753479005	0.9209531446901135	0.8501969947931373	0.6056579526033475	0.9330410426198014	0.9649571614120953	0.968956229286829	0.8035992866255306	0.9892302688242347	4	10.0	{'depth': 4, 'l2_leaf_reg': 10.0}	26	41	22	23	0.9393592677345538	0.9047619047619048	0.6884057971014492	0.9600563169502205	0.9633354551241248	0.9648093841642229	0.7966101694915254	0.9900829231944863	0.9176201372997712	0.851063829787234	0.5797101449275363	0.9328824039067423	0.9648631444939529	0.9661181026137464	0.8054882970137207	0.9896677216579662	0.9163802978235968	0.8571428571428571	0.5652173913043478	0.9286010056196392	0.9641038696537678	0.967741935483871	0.7990314769975787	0.9888133909978005	0.9232531500572738	0.8514851485148515	0.6231884057971014	0.9322192645174011	0.967540733197556	0.9739884393063584	0.8159806295399515	0.9902138974097949	0.9198167239404352	0.8207547169811321	0.6304347826086957	0.9344474021492656	0.9656313645621182	0.9690222652468539	0.807909604519774	0.9895662150332325	0.9266895761741123	0.8775510204081632	0.6231884057971014	0.9320910973084886	0.9628309572301426	0.9720837487537388	0.7869249394673123	0.9880697150185346	0.9106529209621993	0.8260869565217391	0.5507246376811594	0.909701271813073	0.9676680244399185	0.9712918660287081	0.8192090395480226	0.9885566965417787	0.9174311926605505	0.8651685393258427	0.5620437956204379	0.938293857689061	0.9637266132111493	0.9658536585365853	0.7983870967741935	0.9882304621039648	0.9277522935779816	0.8557692307692307	0.6496350364963503	0.9409007398579871	0.9663993890798015	0.971953578336557	0.8104838709677419	0.9904532923505925	0.9105504587155964	0.7920792079207921	0.583941605839416	0.9211877451710612	0.9634720631284205	0.9666993143976493	0.7959677419354839	0.9886483739341969	0.42751406202715353	0.004183971709103549	0.008267553337102832	0.029761566152848074	0.042089921766892316	0.012363171010680424	0.0016782603898022985	0.0030165142757992147	0.009485044198591128	0.0008250541237570027
53.28034155368805	0.04871857166290283	0.9212968266697216	0.853298089820484	0.6049429695027113	0.9334294143419097	0.9641933815526238	0.9671435248077141	0.8002082845166498	0.9891717981316492	4	10.0	{'depth': 4, 'l2_leaf_reg': 10.0}	24	40	23	22	0.9393592677345538	0.9047619047619048	0.6884057971014492	0.961749763705104	0.9625716104392107	0.9646017699115044	0.7917675544794189	0.9895661628863626	0.919908466819222	0.8617021276595744	0.5869565217391305	0.9325279615626969	0.9646085295989816	0.966958211856171	0.8030669895076675	0.9894029978929453	0.9117983963344788	0.8588235294117647	0.5289855072463768	0.926678497485951	0.9642311608961304	0.9696078431372549	0.7982243744955609	0.9900548432065864	0.9209621993127147	0.8285714285714286	0.6304347826086957	0.9362614611061816	0.9639765784114053	0.9723320158102767	0.7941888619854721	0.98987883460595	0.9209621993127147	0.8285714285714286	0.6304347826086957	0.9339938874100364	0.9638492871690427	0.9658536585365853	0.7990314769975787	0.9887299607255653	0.9255441008018328	0.8686868686868687	0.6231884057971014	0.9295178941141674	0.9623217922606925	0.9672943508424182	0.7877320419693301	0.9874282533201649	0.9095074455899198	0.8172043010752689	0.5507246376811594	0.9116829340431825	0.9652494908350305	0.9653179190751445	0.8087167070217918	0.9881566215521129	0.9139908256880734	0.8522727272727273	0.5474452554744526	0.939038681165897	0.9635993381697849	0.9658203125	0.7975806451612903	0.9880024326392919	0.930045871559633	0.8653846153846154	0.656934306569343	0.9432841749838622	0.9663993890798015	0.9674329501915708	0.8145161290322581	0.9905150833386147	0.9208715596330275	0.8469387755102041	0.6058394160583942	0.9195292715626397	0.9651266386661576	0.9662162162162162	0.807258064516129	0.9899827911488981	0.5774255729450498	0.004434944700048013	0.008402763537953205	0.023881381303685063	0.048626479098427496	0.012913227334226885	0.0011695238413569958	0.0021726035400943125	0.007812429348390424	0.0009789759361929554
2.984749174118042	0.044326162338256835	0.8808569137358231	0.8760960832128194	0.2854210732013046	0.8695494070104721	0.8867503045404435	0.9118103201901333	0.3125123668931761	0.8958319903596152	5	0.001	{'depth': 5, 'l2_leaf_reg': 0.001}	38	21	40	39	0.8913043478260869	0.9574468085106383	0.32608695652173914	0.8998700378071833	0.8798217695735201	0.9178470254957507	0.26150121065375304	0.8886451681691265	0.8832951945080092	0.8913043478260869	0.2971014492753623	0.866385081915564	0.8883513685550605	0.9113636363636364	0.32364810330912025	0.8962171217963545	0.8648339060710195	0.7941176470588235	0.1956521739130435	0.8331854480922802	0.8776731160896131	0.9290123456790124	0.24293785310734464	0.8756440688943768	0.8843069873997709	0.8627450980392157	0.3188405797101449	0.8857142857142858	0.8905295315682281	0.911062906724512	0.3389830508474576	0.9048979058635747	0.8843069873997709	0.9302325581395349	0.2898550724637681	0.8902099970422952	0.8884928716904277	0.9172413793103448	0.3220338983050847	0.9016901704624392	0.8762886597938144	0.8	0.2898550724637681	0.8629103815439219	0.8901476578411406	0.9017094017094017	0.34059725585149314	0.8991852497230273	0.8785796105383734	0.9	0.2608695652173913	0.8506457655525977	0.8882382892057027	0.909297052154195	0.32364810330912025	0.8991775043688067	0.8795871559633027	0.9444444444444444	0.24817518248175183	0.8483688365857293	0.8822705867379407	0.8987341772151899	0.2862903225806452	0.8850454230793605	0.8910550458715596	0.8888888888888888	0.35036496350364965	0.8923481801479716	0.8929616902125493	0.9235668789808917	0.35080645161290325	0.9062481413953307	0.875	0.7916666666666666	0.2773722627737226	0.8658225333929193	0.8890161639302533	0.8982683982683982	0.3346774193548387	0.9015691498437554	0.49984590276554486	0.0021570361353595606	0.007494300901721031	0.059162780173616855	0.041563017939728976	0.020794238601950645	0.004773068827120643	0.009815991838701462	0.034519849392462734	0.009252340557560109
2.991551160812378	0.045777630805969236	0.8808569137358231	0.8729928805128455	0.2860945366975071	0.8694383411658719	0.8858468008219269	0.9116147196873371	0.3065475539587076	0.8915940549271767	5	0.01	{'depth': 5, 'l2_leaf_reg': 0.01}	38	26	39	40	0.8958810068649885	0.9272727272727272	0.3695652173913043	0.8964536074354128	0.8844048376830045	0.9046454767726161	0.2986279257465698	0.889859359705188	0.8832951945080092	0.86	0.3115942028985507	0.8844517958412098	0.8917886696371737	0.9077568134171907	0.34947538337368844	0.9043758594372925	0.8694158075601375	0.8333333333333334	0.21739130434782608	0.8457655525978508	0.8812372708757638	0.9226519337016574	0.26957223567393057	0.8840522912648382	0.8797250859106529	0.8367346938775511	0.2971014492753623	0.8727496795819778	0.8864562118126272	0.9140811455847255	0.30912025827280065	0.8919722513841923	0.8934707903780069	0.8947368421052632	0.3695652173913043	0.8994281770679287	0.8984215885947047	0.8944543828264758	0.4035512510088781	0.916905156490918	0.872852233676976	0.8	0.2608695652173913	0.8598738045943014	0.8860743380855397	0.9195121951219513	0.3042776432606941	0.8889610162295055	0.8774341351660939	0.8974358974358975	0.2536231884057971	0.8489598738045943	0.8785641547861507	0.9106628242074928	0.255044390637611	0.8821368102777312	0.8772935779816514	0.9411764705882353	0.23357664233576642	0.8528576394061274	0.8779432353315515	0.9096209912536443	0.25161290322580643	0.8822496550917236	0.8922018348623854	0.8771929824561403	0.36496350364963503	0.896310641044739	0.8976708667430316	0.9067164179104478	0.3919354838709677	0.9097423181736194	0.8669724770642202	0.8620689655172413	0.18248175182481752	0.8374596553950047	0.8759068346697213	0.9260450160771704	0.23225806451612904	0.8656858312167585	0.9267633865549633	0.0060266321854908975	0.009658780191307262	0.04145709053702478	0.06389193075127643	0.022261755217823562	0.00755841262624099	0.00886178474792288	0.05583421912643907	0.014312031582677832
59.33853816986084	0.05109348297119141	0.920265780730897	0.8611818153620195	0.5889342716182225	0.9302439340301627	0.9696160306374002	0.9731586171493731	0.830228852612669	0.9915268141307502	5	0.1	{'depth': 5, 'l2_leaf_reg': 0.1}	27	36	26	27	0.9416475972540046	0.9306930693069307	0.6811594202898551	0.9597412570888468	0.9711012094207511	0.9773584905660377	0.8361581920903954	0.9943161855769711	0.9187643020594966	0.8681318681318682	0.572463768115942	0.9311200378071834	0.9676639083386378	0.9712918660287081	0.8192090395480226	0.9910941801761183	0.9106529209621993	0.8409090909090909	0.5362318840579711	0.9220841959972395	0.9708503054989817	0.974624060150376	0.8369652945924132	0.9929034259226395	0.9209621993127147	0.8484848484848485	0.6086956521739131	0.9303263334319236	0.972377800407332	0.9802631578947368	0.8418079096045198	0.9935289090162387	0.9266895761741123	0.8775510204081632	0.6231884057971014	0.9356896381741102	0.9732688391038696	0.9759481961147086	0.8514931396287329	0.9946183815185845	0.9232531500572738	0.8736842105263158	0.6014492753623188	0.9281672089125506	0.972377800407332	0.9775700934579439	0.8442292171105731	0.9944001698855016	0.9140893470790378	0.8461538461538461	0.5579710144927537	0.9059252686581879	0.965122199592668	0.9652844744455159	0.807909604519774	0.9887983271986469	0.9185779816513762	0.8586956521739131	0.5766423357664233	0.9378370326232682	0.9700903652793688	0.971830985915493	0.8346774193548387	0.9928582049169538	0.9139908256880734	0.8229166666666666	0.5766423357664233	0.9329063012066141	0.9601629120529465	0.9658291457286432	0.775	0.9821865844086834	0.9139908256880734	0.8444444444444444	0.5547445255474452	0.9186056904513631	0.973144966272114	0.9715857011915674	0.8548387096774194	0.9905637726871646	2.2046335174464198	0.0044600919179129065	0.008501651767362658	0.02803112858921426	0.03964188982947342	0.013281476037381694	0.003979598907372075	0.00470051632068918	0.02271131320182889	0.003592627921368051
57.65925848484039	0.05228643417358399	0.9243899644861955	0.8751329450119247	0.6071229426390669	0.9375533654252763	0.9765150134964475	0.9763167757546329	0.8722661355411493	0.9954643716483866	5	1.0	{'depth': 5, 'l2_leaf_reg': 1.0}	21	22	21	19	0.9450800915331807	0.9326923076923077	0.7028985507246377	0.9612673282923756	0.9712285168682367	0.9685476410730804	0.8450363196125908	0.9934868804365967	0.931350114416476	0.9148936170212766	0.6231884057971014	0.9359247006931317	0.9784850413749204	0.9768270944741533	0.8845843422114609	0.9966295907004616	0.9221076746849943	0.8804347826086957	0.5869565217391305	0.9324953169673666	0.9759419551934827	0.9764065335753176	0.8684422921711057	0.9960085201335909	0.9221076746849943	0.8645833333333334	0.6014492753623188	0.9393966282165039	0.9788696537678208	0.9837691614066727	0.880548829701372	0.996294915278632	0.9255441008018328	0.8842105263157894	0.6086956521739131	0.9417134969930001	0.9764511201629328	0.976491862567812	0.8716707021791767	0.9959042322932969	0.9221076746849943	0.8804347826086957	0.5869565217391305	0.9325446120477177	0.975050916496945	0.97538742023701	0.8635996771589992	0.994652534261605	0.9129438717067583	0.8444444444444444	0.5507246376811594	0.9197969042689539	0.9788696537678208	0.9777382012466608	0.8861985472154964	0.9963161997559787	0.9208715596330275	0.8695652173913043	0.583941605839416	0.9440836188489995	0.9747995418098511	0.9744990892531876	0.8629032258064516	0.9938451544652824	0.9231651376146789	0.8431372549019608	0.6277372262773723	0.9420825264412334	0.9753086419753086	0.9780621572212066	0.8629032258064516	0.9948200992555831	0.9185779816513762	0.8367346938775511	0.5985401459854015	0.9262028899150901	0.9801450935471554	0.9754385964912281	0.896774193548387	0.9966855899028407	2.8895461732379717	0.005863995435815005	0.008201972250280513	0.029357344323751568	0.03808823121222053	0.010696828608912228	0.0025093511668732786	0.0035524967877316707	0.014219610027261631	0.0011117823936957242
57.65468201637268	0.04870247840881348	0.9240462825065873	0.8582615995244346	0.620916037604061	0.940109110594709	0.9795954583507086	0.9754223138821374	0.8931650134083158	0.9964806414745164	5	10.0	{'depth': 5, 'l2_leaf_reg': 10.0}	22	38	15	15	0.9393592677345538	0.9047619047619048	0.6884057971014492	0.965382797731569	0.9784850413749204	0.9717813051146384	0.8894269572235673	0.9964495907394991	0.9244851258581236	0.875	0.6086956521739131	0.9377953686200378	0.98026734563972	0.9737762237762237	0.8991121872477804	0.997137445554739	0.9221076746849943	0.8804347826086957	0.5869565217391305	0.9326234841762792	0.9793788187372708	0.9736147757255936	0.8934624697336562	0.9965283736719919	0.9232531500572738	0.8380952380952381	0.6376811594202898	0.9416839199447895	0.9783604887983707	0.9785138764547896	0.8821630347054076	0.9964335998101107	0.9312714776632303	0.8679245283018868	0.6666666666666666	0.9387064970915903	0.9806517311608961	0.9755030621172354	0.8999192897497982	0.9964151817236961	0.9266895761741123	0.87	0.6304347826086957	0.9353938676920044	0.9791242362525459	0.9786286731967943	0.8870056497175142	0.9960923163280727	0.9083619702176403	0.8222222222222222	0.5362318840579711	0.9223701074632751	0.980142566191446	0.9770925110132158	0.8950766747376917	0.9968031202921815	0.9197247706422018	0.8526315789473684	0.5912408759124088	0.9520284026019166	0.9812905689194349	0.9748045178105995	0.9048387096774193	0.9961326397792587	0.9277522935779816	0.8363636363636363	0.6715328467153284	0.946452157505338	0.9774723176785033	0.9741302408563782	0.8806451612903226	0.9959080837724921	0.9174311926605505	0.8350515463917526	0.5912408759124088	0.9286359799394209	0.9807814687539773	0.9763779527559056	0.9	0.9969060630731207	1.5363796224119601	0.0031064921513870563	0.007878308965786422	0.02433717656548316	0.04451927036636052	0.011644614154136835	0.0011696741957546147	0.002117373371551563	0.007729329458115944	0.00036411976787829474
57.41840405464173	0.047075653076171876	0.92542101042502	0.8701315307787512	0.6194752006832387	0.9392780559861561	0.9791880826279158	0.9751838261034026	0.8907424692129448	0.9964333041004053	5	10.0	{'depth': 5, 'l2_leaf_reg': 10.0}	19	30	17	17	0.9439359267734554	0.8938053097345132	0.7318840579710145	0.9658849243856332	0.9777211966900063	0.9741532976827094	0.8821630347054076	0.9963246704006137	0.9244851258581236	0.8829787234042553	0.6014492753623188	0.9385239445494643	0.9796308084022916	0.9744942832014072	0.8942695722356739	0.9969694618568432	0.9209621993127147	0.8876404494382022	0.572463768115942	0.9330474218672976	0.9773421588594705	0.9766397124887691	0.8773204196933011	0.995654917269249	0.9232531500572738	0.8514851485148515	0.6231884057971014	0.944976831312235	0.9796334012219959	0.9804096170970614	0.8886198547215496	0.9966546168470847	0.9255441008018328	0.8686868686868687	0.6231884057971014	0.9393177560879424	0.9770875763747454	0.9740376007162042	0.8781275221953188	0.9961345193605192	0.9266895761741123	0.8775510204081632	0.6231884057971014	0.9345262742778271	0.9811608961303462	0.9747606614447345	0.903954802259887	0.9962097773692458	0.9140893470790378	0.8461538461538461	0.5579710144927537	0.9203687272010254	0.977724032586558	0.9741532976827094	0.8821630347054076	0.9961425086629042	0.9208715596330275	0.8617021276595744	0.5912408759124088	0.9459804359700084	0.9805269186712485	0.97384481255449	0.9008064516129032	0.9963726130641017	0.9311926605504587	0.8666666666666667	0.6642335766423357	0.9456278861909727	0.9807814687539773	0.9755458515283842	0.9008064516129032	0.9970149590253843	0.9231651376146789	0.8645833333333334	0.6058394160583942	0.924494761408213	0.9802723685885197	0.9737991266375546	0.8991935483870968	0.9968549971481083	0.4018927301032249	0.003922609788570434	0.007468453037479702	0.01458286685043678	0.046899101566357	0.012101049752389618	0.0014801386143152946	0.001932931892533585	0.009757056983332612	0.0004120389785206347
2.071868419647217	0.04415957927703858	0.8768472906403941	0.8836824396815914	0.25131028830469215	0.8664319832480375	0.8832497467370046	0.9241345464724597	0.2834616886667187	0.8922952480569316	6	0.001	{'depth': 6, 'l2_leaf_reg': 0.001}	41	8	42	41	0.8878718535469108	0.9761904761904762	0.2971014492753623	0.8987181001890359	0.8789306174411203	0.9285714285714286	0.25181598062953997	0.8887928401127017	0.8695652173913043	0.8529411764705882	0.21014492753623187	0.8549641619407689	0.8782940802036919	0.9149560117302052	0.25181598062953997	0.8848066125800638	0.8694158075601375	0.8529411764705882	0.21014492753623187	0.8398600019718032	0.8828920570264766	0.9299191374663073	0.2784503631961259	0.8877301147788311	0.8739977090492554	0.85	0.2463768115942029	0.8608695652173913	0.8811099796334012	0.9420289855072463	0.2623083131557708	0.881074842930925	0.8820160366552119	0.9487179487179487	0.26811594202898553	0.8975944000788721	0.889511201629328	0.9187358916478555	0.3284907183212268	0.9065213199108175	0.8671248568155785	0.8055555555555556	0.21014492753623187	0.8454993591639555	0.8788187372708758	0.9258160237388724	0.25181598062953997	0.8814095398125233	0.8762886597938144	0.875	0.2536231884057971	0.85527950310559	0.8858197556008147	0.9253731343283582	0.30024213075060535	0.895665870541832	0.8922018348623854	0.9387755102040817	0.3357664233576642	0.8738417994935201	0.8916889397989054	0.9043659043659044	0.35080645161290325	0.9071369200544053	0.8761467889908257	0.8717948717948718	0.24817518248175183	0.8845622920701128	0.8808705612829324	0.9342857142857143	0.26370967741935486	0.8899888239968409	0.8738532110091743	0.8648648648648649	0.23357664233576642	0.8531208103679429	0.8845615374824997	0.9172932330827067	0.29516129032258065	0.8998255958503756	0.34705957031497786	0.0022474625108769644	0.007776091177518755	0.05052873794866701	0.038661832490837274	0.02001630778609685	0.004381392011554062	0.010157557734548827	0.03293701210137211	0.00910838225799483
4.34134840965271	0.0434701681137085	0.8840646122121664	0.8614821508832413	0.3174031421614895	0.8834211706186249	0.8972637899970268	0.9243224398213516	0.37801888880210366	0.9139872044521178	6	0.01	{'depth': 6, 'l2_leaf_reg': 0.01}	35	35	34	34	0.8935926773455377	0.9591836734693877	0.34057971014492755	0.900992438563327	0.8824952259707193	0.9202127659574468	0.27925746569814364	0.8938476611106393	0.8810068649885584	0.8695652173913043	0.2898550724637681	0.8767229836168873	0.8872056015276893	0.9133489461358314	0.31476997578692495	0.8983490630486614	0.8785796105383734	0.8333333333333334	0.2898550724637681	0.8694962042788129	0.8943482688391039	0.9251559251559252	0.3591606133979015	0.9116466098584577	0.8877434135166093	0.803030303030303	0.38405797101449274	0.8980577738341713	0.9083503054989817	0.9165329052969502	0.4608555286521388	0.9359804392603833	0.8900343642611683	0.9375	0.32608695652173914	0.8964606132307995	0.8911659877800407	0.9102564102564102	0.34382566585956414	0.9106855760646843	0.872852233676976	0.8292682926829268	0.2463768115942029	0.8598836636103716	0.8896384928716904	0.9246575342465754	0.3268765133171913	0.9014471371036255	0.8774341351660939	0.8604651162790697	0.26811594202898553	0.8666469486345262	0.8930753564154786	0.9271948608137045	0.34947538337368844	0.9129797865770695	0.875	0.8888888888888888	0.23357664233576642	0.8594518099210486	0.8809978363242968	0.9224376731301939	0.2685483870967742	0.8936858629044445	0.9128440366972477	0.8426966292134831	0.5474452554744526	0.9363722131188242	0.9550719103983709	0.9634273772204807	0.7435483870967742	0.9748971978335372	0.8715596330275229	0.7906976744186046	0.24817518248175183	0.8701325785788769	0.8902889143438971	0.92	0.3338709677419355	0.9063527107596756	4.4627325484527125	0.0030836438773451627	0.011895053691628648	0.05172902069816294	0.08872558814197358	0.02306303951913713	0.020539155230611943	0.013986875160934413	0.1315735086226217	0.02342852880385225
61.746777749061586	0.04614107608795166	0.9259938137243671	0.8843782862766821	0.6107396019476985	0.932065098942247	0.9783735174946344	0.9789393234959757	0.881870720404072	0.9966940851272966	6	0.1	{'depth': 6, 'l2_leaf_reg': 0.1}	18	7	18	25	0.9405034324942791	0.8981481481481481	0.7028985507246377	0.9634530560806553	0.9740292807129217	0.9752066115702479	0.8571428571428571	0.995801322496494	0.9267734553775744	0.9021739130434783	0.6014492753623188	0.9321932104599874	0.9807765754296627	0.9780316344463972	0.8983050847457628	0.99746719133209	0.9255441008018328	0.8924731182795699	0.6014492753623188	0.9303164744158532	0.9809063136456212	0.978891820580475	0.8983050847457628	0.9974056112712835	0.9278350515463918	0.8865979381443299	0.6231884057971014	0.9268165237109337	0.9778513238289206	0.9845313921747043	0.8732849071832123	0.9961221999782153	0.9255441008018328	0.8842105263157894	0.6086956521739131	0.9315784284728384	0.9789969450101833	0.9794642857142857	0.8853914447134786	0.9973547480789997	0.9209621993127147	0.8556701030927835	0.6014492753623188	0.9175194715567386	0.9787423625254582	0.9768683274021353	0.8861985472154964	0.997006268126111	0.9198167239404352	0.8863636363636364	0.5652173913043478	0.909849157054126	0.9811608961303462	0.9806167400881057	0.8983050847457628	0.9976669407424295	0.9243119266055045	0.898876404494382	0.583941605839416	0.9430905208798848	0.9719994908998345	0.9766355140186916	0.842741935483871	0.9946948719573726	0.930045871559633	0.8725490196078431	0.6496350364963503	0.9408014300610755	0.9801450935471554	0.9796460176991151	0.8927419354838709	0.9960030249552718	0.9185779816513762	0.8666666666666667	0.5693430656934306	0.9250111723521526	0.9791268932162402	0.9795008912655971	0.8862903225806451	0.9974186723346999	4.154238387175844	0.001818288663829189	0.00594007414821541	0.014383188442170725	0.03864622243165704	0.014035303736847266	0.0028976418537039667	0.0024399011476892787	0.017875547540395623	0.0009331594872180586
58.006138515472415	0.04803633689880371	0.9267957383434529	0.8793440968183431	0.6209093176330573	0.9400038871110902	0.988289370878166	0.9805857186983218	0.9444848863547606	0.9989661505994072	6	1.0	{'depth': 6, 'l2_leaf_reg': 1.0}	15	17	16	16	0.9427917620137299	0.9	0.717391304347826	0.9686023156899812	0.9876511775938892	0.9798319327731092	0.9410815173527038	0.9986322808794783	0.931350114416476	0.8979591836734694	0.6376811594202898	0.938583018273472	0.989306174411203	0.979253112033195	0.9523809523809523	0.9993977229364478	0.9255441008018328	0.8924731182795699	0.6014492753623188	0.9318347628906636	0.9881619144602851	0.9798994974874372	0.9443099273607748	0.9985927850134837	0.9266895761741123	0.87	0.6304347826086957	0.9420684215715271	0.9877800407331976	0.9888793840889649	0.9330104923325262	0.9988778384436205	0.9266895761741123	0.8775510204081632	0.6231884057971014	0.9449275362318841	0.987652749490835	0.9814502529510961	0.9394673123486683	0.9988960125818706	0.9255441008018328	0.8842105263157894	0.6086956521739131	0.9310854776693286	0.9890529531568228	0.9808173477898249	0.9491525423728814	0.9988817416142514	0.9163802978235968	0.8651685393258427	0.5579710144927537	0.9184265010351967	0.9893075356415478	0.9784589892294946	0.9531880548829701	0.999281755616876	0.9220183486238532	0.8556701030927835	0.6058394160583942	0.9471820845126371	0.9853633702430953	0.9787234042553191	0.9274193548387096	0.9987053142687213	0.930045871559633	0.8725490196078431	0.6496350364963503	0.9472764288197031	0.9893088965253913	0.9784768211920529	0.9532258064516129	0.9992769723147124	0.9208715596330275	0.8777777777777778	0.5766423357664233	0.9300263170961816	0.9893088965253913	0.9800664451827242	0.9516129032258065	0.9991190823246087	0.6148857396016182	0.002392359170547298	0.006760367766197444	0.01367553087069007	0.04146858279449122	0.012903931017295775	0.0011992577457551937	0.0029173477237312935	0.008641620141504335	0.00027287527510023443
57.56414823532104	0.04701774120330811	0.9263374957039753	0.8665192892099888	0.6303768842110942	0.9435674285894098	0.989307661935908	0.9787852589676934	0.9528769298862245	0.9990210855423787	6	10.0	{'depth': 6, 'l2_leaf_reg': 10.0}	17	34	12	9	0.9450800915331807	0.8879310344827587	0.7463768115942029	0.969153670447385	0.9884150222788033	0.9751655629139073	0.9507667473769169	0.9987995326222632	0.9279176201372997	0.8865979381443299	0.6231884057971014	0.9430529300567108	0.988924252068746	0.9776119402985075	0.9515738498789347	0.9989160964736356	0.9232531500572738	0.8901098901098901	0.5869565217391305	0.9325939071280686	0.9896894093686355	0.9800995024875622	0.9539951573849879	0.9990595798261209	0.9289805269186713	0.88	0.6376811594202898	0.9476683426993986	0.9904531568228105	0.9833887043189369	0.9556093623890234	0.9991637456923329	0.9266895761741123	0.8775510204081632	0.6231884057971014	0.9444050083801636	0.9898167006109979	0.9785301403798513	0.9564164648910412	0.9990967819211968	0.9221076746849943	0.8431372549019608	0.6231884057971014	0.9411515330769988	0.9891802443991853	0.9808333333333333	0.9499596448748991	0.9989787110096123	0.9175257731958762	0.875	0.5579710144927537	0.9279700285911465	0.9891802443991853	0.9752883031301482	0.9556093623890234	0.9991268485324626	0.9174311926605505	0.8217821782178217	0.6058394160583942	0.9514126818610655	0.9884179712358406	0.9783513738551207	0.9475806451612904	0.9988359650362946	0.9311926605504587	0.8598130841121495	0.6715328467153284	0.946859327672675	0.9885452462772051	0.978369384359401	0.9483870967741935	0.9989839830934008	0.9231651376146789	0.8431372549019608	0.6277372262773723	0.9313769303341775	0.9904543718976708	0.9802143446001649	0.9588709677419355	0.9992496112164659	0.5054084496354141	0.0024995949627454	0.0076108029595343685	0.022207848713722358	0.04807353384794619	0.01124103096451864	0.0007335570916350829	0.0023725452431749942	0.0035708581349090697	0.00013730391811886026
57.95620744228363	0.05072970390319824	0.9273685416427999	0.871562039069355	0.632534891707334	0.9427573967833558	0.9894731356948048	0.9792873985468932	0.9534409253039652	0.999064697284352	6	10.0	{'depth': 6, 'l2_leaf_reg': 10.0}	13	28	9	13	0.9439359267734554	0.8938053097345132	0.7318840579710145	0.9686515437933207	0.9894334818586887	0.9784768211920529	0.9539951573849879	0.998949583419948	0.9336384439359268	0.9	0.6521739130434783	0.9407293635790801	0.9891788669637174	0.979235880398671	0.9515738498789347	0.9992924433930316	0.9266895761741123	0.8936170212765957	0.6086956521739131	0.9392881790397318	0.9896894093686355	0.9793046357615894	0.9548022598870056	0.9992618128544338	0.9278350515463918	0.8787878787878788	0.6304347826086957	0.9498176082027013	0.9899439918533605	0.9849498327759197	0.9507667473769169	0.9992926722972342	0.9289805269186713	0.8584905660377359	0.6594202898550725	0.9426106674553879	0.9893075356415478	0.9800498753117207	0.9515738498789347	0.9986514545470291	0.9278350515463918	0.8865979381443299	0.6231884057971014	0.9400867593414177	0.9886710794297352	0.978369384359401	0.9491525423728814	0.9989355321845081	0.9117983963344788	0.8426966292134831	0.5434782608695652	0.9224982746721877	0.9894348268839104	0.976897689768977	0.9556093623890234	0.9991697834094024	0.9197247706422018	0.8383838383838383	0.6058394160583942	0.9445900988132478	0.9893088965253913	0.9784768211920529	0.9532258064516129	0.9989042154372656	0.9288990825688074	0.8571428571428571	0.656934306569343	0.9488355926312131	0.9894361715667558	0.978494623655914	0.9540322580645161	0.998942910977102	0.9243119266055045	0.865979381443299	0.6131386861313869	0.9304334872635185	0.9903270968563065	0.9786184210526315	0.9596774193548387	0.9992465643235654	0.46729220746905986	0.005093047370846034	0.007938375785510949	0.021006201246547788	0.04611548560655033	0.011605932140169525	0.0004226608627150316	0.002039388039578596	0.0028047411658479395	0.00020690695269614889
2.3739453077316286	0.052278733253479	0.8818879596746477	0.8721778400051426	0.29341413634914476	0.876775915033395	0.8920582635365335	0.9253033318998958	0.34333294279986465	0.915789703766632	7	0.001	{'depth': 7, 'l2_leaf_reg': 0.001}	37	27	37	36	0.8947368421052632	0.96	0.34782608695652173	0.9094695179584121	0.8868236791852323	0.9247572815533981	0.3075060532687651	0.9046188685340305	0.8832951945080092	0.875	0.30434782608695654	0.8804347826086957	0.8982813494589433	0.9313725490196079	0.3833736884584342	0.9213032363151231	0.8831615120274914	0.86	0.3115942028985507	0.8594794439514938	0.890274949083503	0.912472647702407	0.3365617433414044	0.9189350491671426	0.8808705612829324	0.8541666666666666	0.2971014492753623	0.8850635906536527	0.8912932790224033	0.9287305122494433	0.3365617433414044	0.9168236778039981	0.8831615120274914	0.9090909090909091	0.2898550724637681	0.8906930888297349	0.8887474541751528	0.9101123595505618	0.3268765133171913	0.9153241284372448	0.868270332187858	0.8108108108108109	0.21739130434782608	0.8468599033816425	0.8842922606924644	0.9187817258883249	0.29217110573042776	0.895139247441868	0.8751431844215349	0.8372093023255814	0.2608695652173913	0.8640934634723455	0.8929480651731161	0.9344978165938864	0.3454398708635997	0.92282455870082	0.8876146788990825	0.8823529411764706	0.3284671532846715	0.8685883112369035	0.8983072419498537	0.9281553398058252	0.38548387096774195	0.9210328235678384	0.8864678899082569	0.8958333333333334	0.31386861313868614	0.8959431947961667	0.8957617411225659	0.9322381930184805	0.36612903225806454	0.9210453158287306	0.8761467889908257	0.8372093023255814	0.26277372262773724	0.8670936987933859	0.8938526155021	0.9319148936170213	0.3532258064516129	0.9208501318695248	0.33248087542673166	0.007912671786796065	0.006994033236236828	0.040545239468906966	0.035865830960485824	0.01796881701562948	0.004449070303383719	0.008193168620237517	0.028749858419331076	0.008503034091961986
2.476092267036438	0.054152512550354005	0.8825753236338642	0.8744810155761489	0.297057517995131	0.8764698885002195	0.8929108847744264	0.932600304834182	0.34639518081699605	0.9135152769788908	7	0.01	{'depth': 7, 'l2_leaf_reg': 0.01}	36	24	36	37	0.8958810068649885	0.9433962264150944	0.36231884057971014	0.9005001575299307	0.8880967536600891	0.9411764705882353	0.3099273607748184	0.9025680523064881	0.879862700228833	0.9024390243902439	0.26811594202898553	0.8725385948330182	0.8872056015276893	0.940149625935162	0.3042776432606941	0.9058920434527592	0.8739977090492554	0.85	0.2463768115942029	0.8624963028689736	0.8891293279022403	0.9423076923076923	0.3163841807909605	0.9112578784584378	0.8762886597938144	0.8260869565217391	0.2753623188405797	0.8819284235433303	0.8930753564154786	0.9327548806941431	0.3470540758676352	0.9128301853652325	0.8969072164948454	0.9137931034482759	0.38405797101449274	0.8970521541950113	0.897530549898167	0.9205426356589147	0.3833736884584342	0.9225601188905774	0.8717067583046965	0.8421052631578947	0.2318840579710145	0.8539978310164644	0.8868380855397149	0.9375	0.3026634382566586	0.8959620846004916	0.8774341351660939	0.8780487804878049	0.2608695652173913	0.8576555259785072	0.8910386965376782	0.9246119733924612	0.3365617433414044	0.9179195539456603	0.8818807339449541	0.8695652173913043	0.291970802919708	0.8723918764586127	0.8947435407916507	0.9222903885480572	0.36370967741935484	0.9152570115099428	0.8956422018348624	0.9107142857142857	0.3722627737226277	0.8985053875564823	0.9039073437698867	0.9322638146167558	0.4217741935483871	0.9313497857424913	0.8761467889908257	0.8085106382978723	0.2773722627737226	0.8676200407170167	0.8975435917016673	0.9324055666003976	0.3782258064516129	0.9195560555168262	0.5133394324165906	0.009432791284459672	0.009274027822789608	0.04095053787344997	0.052281286050525635	0.01637499135665768	0.005268029382931231	0.007513012004103184	0.03791626437594685	0.009749032500006036
66.07627243995667	0.048707008361816406	0.9239317218467178	0.8803411803320556	0.5991432406599037	0.9339844933529288	0.987245605361878	0.9804396308905317	0.9378693144835845	0.9989092806556842	7	0.1	{'depth': 7, 'l2_leaf_reg': 0.1}	23	15	25	21	0.9382151029748284	0.8888888888888888	0.6956521739130435	0.9627737082545684	0.9871419478039465	0.9781512605042016	0.9394673123486683	0.9989155475073026	0.9256292906178489	0.8924731182795699	0.6014492753623188	0.9345266225582861	0.9866327180140039	0.9821428571428571	0.9322033898305084	0.9990213760170517	0.9186712485681557	0.8941176470588236	0.5507246376811594	0.9279010154786551	0.9915987780040734	0.9803439803439803	0.9661016949152542	0.9996239539045307	0.9266895761741123	0.8775510204081632	0.6231884057971014	0.9262939958592133	0.9857433808553971	0.9845227858985383	0.9241323648103309	0.9986141304778713	0.9266895761741123	0.8854166666666666	0.6159420289855072	0.9433402346445824	0.9870162932790224	0.9805579036348268	0.9362389023405973	0.9990209140420588	0.9209621993127147	0.8709677419354839	0.5869565217391305	0.9237996647934537	0.9856160896130346	0.9803754266211604	0.927360774818402	0.9981257462526817	0.9106529209621993	0.8658536585365854	0.5144927536231884	0.907995662032929	0.9896894093686355	0.9800995024875622	0.9539951573849879	0.9993731142044552	0.9231651376146789	0.8888888888888888	0.583941605839416	0.9453945081682308	0.9870179457808324	0.9789562289562289	0.9379032258064516	0.9990468100250088	0.930045871559633	0.8725490196078431	0.6496350364963503	0.9449227866329013	0.987908871070383	0.9798826487845766	0.942741935483871	0.9989254827497112	0.9185779816513762	0.8666666666666667	0.5693430656934306	0.922876011718556	0.9840906198294515	0.9793637145313844	0.9185483870967742	0.9984257313761717	1.751191019878698	0.004300536145684694	0.007083619070491165	0.010305888564391331	0.04849326910262552	0.014717162090673227	0.002017893305811482	0.0016917750109216873	0.01338132904431873	0.0004129167711720276
65.37314412593841	0.04753601551055908	0.9283995875816244	0.8800915060960462	0.6318032268391837	0.9423604475993536	0.9938137282079091	0.9810925065468773	0.9796658335286	0.999817433867895	7	1.0	{'depth': 7, 'l2_leaf_reg': 1.0}	6	16	10	14	0.9473684210526315	0.9107142857142857	0.7391304347826086	0.970236688720857	0.9943984723106302	0.9799196787148594	0.9846650524616626	0.999867455128712	0.9290617848970252	0.8958333333333334	0.6231884057971014	0.941024732199118	0.9937619350732018	0.9798387096774194	0.9806295399515739	0.9997932226812395	0.9243986254295533	0.875	0.6086956521739131	0.9342600808439318	0.9935081466395111	0.9805825242718447	0.9782082324455206	0.9998228936326237	0.9324169530355098	0.883495145631068	0.6594202898550725	0.9419895494429655	0.9955448065173116	0.9862681744749596	0.9854721549636803	0.9998969319005282	0.9301260022909508	0.8888888888888888	0.6376811594202898	0.9496598639455782	0.9943991853360489	0.9838056680161943	0.9806295399515739	0.999858875986877	0.9278350515463918	0.8787878787878788	0.6304347826086957	0.9348220447599329	0.992489816700611	0.9788961038961039	0.9733656174334141	0.9997328767599489	0.9152348224513173	0.8636363636363636	0.5507246376811594	0.9205166124420784	0.9923625254582484	0.9781021897810219	0.9733656174334141	0.9997013464596961	0.9243119266055045	0.8736842105263158	0.6058394160583942	0.9495655196385123	0.9929998727249586	0.9820992676973149	0.9733870967741935	0.9997745299253633	0.9311926605504587	0.8598130841121495	0.6715328467153284	0.9495605541486668	0.9941453480972381	0.9822294022617124	0.9806451612903225	0.999853444451486	0.9220183486238532	0.8709677419354839	0.5912408759124088	0.9319429961765728	0.9945271732213313	0.9791833466773419	0.9862903225806452	0.9998727617524753	0.3202373672492731	0.0014360346356025863	0.007966513682353607	0.0145238776033544	0.04838339611606333	0.012825755068646945	0.0009443223939244018	0.0023890074831820346	0.00475750500360937	6.162822374216855e-05
64.74583163261414	0.04635236263275146	0.927712223622408	0.8740620907880691	0.6325401755799356	0.9444079423785817	0.9931390975792362	0.9800803049637752	0.9763578197818219	0.9997295501016943	7	10.0	{'depth': 7, 'l2_leaf_reg': 10.0}	11	25	8	8	0.9496567505720824	0.9051724137931034	0.7608695652173914	0.9694391934467549	0.9935073201782304	0.9798061389337641	0.9790153349475383	0.9997203321514698	0.9279176201372997	0.8787878787878788	0.6304347826086957	0.9442147132955261	0.9931253978357734	0.9782082324455206	0.9782082324455206	0.9997597967311861	0.9301260022909508	0.9139784946236559	0.6159420289855072	0.9351572513063195	0.9927443991853361	0.9804878048780488	0.9733656174334141	0.9997616626433516	0.9278350515463918	0.8712871287128713	0.6376811594202898	0.9495316967366657	0.9938900203665988	0.983753046303818	0.9774011299435028	0.9997454400904169	0.9289805269186713	0.88	0.6376811594202898	0.9458542837424825	0.9931262729124236	0.9805352798053528	0.9757869249394673	0.9996951867685442	0.9289805269186713	0.8877551020408163	0.6304347826086957	0.9427585526964408	0.9927443991853361	0.9781553398058253	0.9757869249394673	0.9997609307988583	0.9106529209621993	0.8488372093023255	0.5289855072463768	0.9266883565020212	0.9931262729124236	0.978981406628941	0.9774011299435028	0.9996696331983203	0.9220183486238532	0.8484848484848485	0.6131386861313869	0.9509260638561995	0.9928725976835943	0.9781906300484653	0.9766129032258064	0.9997762361853876	0.9277522935779816	0.8490566037735849	0.656934306569343	0.9543572173394905	0.993127147766323	0.9836867862969005	0.9725806451612903	0.9996974435349808	0.9231651376146789	0.8571428571428571	0.6131386861313869	0.9251204131287551	0.993127147766323	0.9789983844911146	0.9774193548387097	0.9997088389144286	1.032072051226632	0.002372440196152072	0.009139842454936662	0.022396210409118527	0.05375664561945693	0.012534023374158173	0.0003290700498143606	0.00200257606531175	0.0019423566912176273	3.417386972464575e-05
64.42612617015838	0.04697604179382324	0.9279413449421469	0.871481983242363	0.6376274117712345	0.9451671424379796	0.9933427732900901	0.9797940459581834	0.9779718946080346	0.9997534089634517	7	10.0	{'depth': 7, 'l2_leaf_reg': 10.0}	10	29	4	4	0.9427917620137299	0.8793103448275862	0.7391304347826086	0.9707880434782609	0.9937619350732018	0.9782958199356914	0.9822437449556094	0.999757295884558	0.9324942791762014	0.883495145631068	0.6594202898550725	0.9437815059861374	0.9936346276257161	0.9790491539081386	0.9806295399515739	0.999775777751102	0.9255441008018328	0.9101123595505618	0.5869565217391305	0.9390121265897664	0.9929989816700611	0.979740680713128	0.9757869249394673	0.9997497091832944	0.9232531500572738	0.8446601941747572	0.6304347826086957	0.9486049492260672	0.9942718940936863	0.984577922077922	0.9790153349475383	0.9997287296411536	0.9312714776632303	0.8823529411764706	0.6521739130434783	0.9450557034407966	0.9935081466395111	0.9782608695652174	0.9806295399515739	0.9997267780558381	0.9289805269186713	0.88	0.6376811594202898	0.941999408459036	0.992489816700611	0.9796747967479674	0.9725585149313963	0.9996860387123782	0.9175257731958762	0.8666666666666667	0.5652173913043478	0.9255545696539486	0.9936354378818737	0.9790491539081386	0.9806295399515739	0.9997752627535185	0.9208715596330275	0.8333333333333334	0.6204379562043796	0.9531903272257808	0.9927453226422298	0.9789473684210527	0.975	0.9997544204322201	0.9311926605504587	0.8598130841121495	0.6715328467153284	0.9508615124882069	0.9932544228076874	0.981346309813463	0.9758064516129032	0.9997747127389373	0.9254587155963303	0.875	0.6131386861313869	0.9327970604300114	0.993127147766323	0.9789983844911146	0.9774193548387097	0.9998053644815164	1.1606042845746825	0.0029250824891681546	0.006757310677638295	0.02057663171179622	0.04572639612257419	0.011632680287192401	0.0004994113536665187	0.0017990842517750633	0.002973753226974294	3.1651259099180844e-05
2.4827316999435425	0.04314303398132324	0.8841791728720357	0.8786747626331275	0.3093713528326895	0.8826927827488296	0.8978118714600022	0.9406534985191731	0.3755351610299669	0.9301136235416877	8	0.001	{'depth': 8, 'l2_leaf_reg': 0.001}	34	18	35	35	0.8935926773455377	0.9591836734693877	0.34057971014492755	0.9160562381852552	0.8995544239338001	0.939453125	0.38821630347054076	0.9300283242229321	0.8821510297482837	0.8431372549019608	0.3115942028985507	0.8756596565847512	0.8935709739019733	0.9428571428571428	0.34624697336561744	0.9249911311439093	0.8717067583046965	0.782608695652174	0.2608695652173913	0.8603864734299517	0.8940936863543788	0.9433551198257081	0.34947538337368844	0.9234019840060265	0.8877434135166093	0.8333333333333334	0.36231884057971014	0.9016464556837228	0.9107688391038696	0.946843853820598	0.4600484261501211	0.9574550742011033	0.8877434135166093	0.9545454545454546	0.30434782608695654	0.8903283052351375	0.884928716904277	0.9197994987468672	0.29620661824051653	0.9034317773953484	0.8843069873997709	0.8135593220338984	0.34782608695652173	0.8838903677412995	0.9108961303462322	0.9499165275459098	0.45924132364810333	0.9478510789156456	0.8739977090492554	0.868421052631579	0.2391304347826087	0.8530316474415853	0.8918024439918534	0.9370786516853933	0.3365617433414044	0.9185884598125282	0.8761467889908257	0.8918918918918919	0.24087591240875914	0.8679030736382144	0.889907089219804	0.9330254041570438	0.3258064516129032	0.9183330327065672	0.9002293577981652	0.9310344827586207	0.39416058394160586	0.9050300412135658	0.903016418480336	0.9458955223880597	0.4088709677419355	0.9461046693024322	0.8841743119266054	0.9090909090909091	0.291970802919708	0.8729629077908536	0.8995799923634975	0.94831013916501	0.38467741935483873	0.9309507037103844	0.6761870322710101	0.0018522066676640132	0.008362533734882063	0.05742845836369488	0.04974552195964319	0.01942191771064072	0.008177502528952654	0.008542128120984233	0.052274928395365884	0.015405883414515908
37.92043521404266	0.047028613090515134	0.9146523083972964	0.8817050463922977	0.5309061888775767	0.9111549885505339	0.9605533268097138	0.9659072938276833	0.7741421932359602	0.9746600658787387	8	0.01	{'depth': 8, 'l2_leaf_reg': 0.01}	30	14	30	30	0.9416475972540046	0.9306930693069307	0.6811594202898551	0.9500137838689351	0.973901973265436	0.9760589318600368	0.8555286521388217	0.9904094971663578	0.9347826086956522	0.9263157894736842	0.6376811594202898	0.9323507403906741	0.9839592616168046	0.9760479041916168	0.9209039548022598	0.9876892469938604	0.9163802978235968	0.8421052631578947	0.5797101449275363	0.9168096223996844	0.984725050916497	0.9761702127659575	0.9257465698143664	0.9951899520678448	0.8865979381443299	0.8545454545454545	0.34057971014492755	0.9014098392980381	0.9110234215885947	0.9623287671232876	0.45359160613397903	0.9432322863444037	0.8877434135166093	0.9166666666666666	0.3188405797101449	0.9063590653652766	0.8968940936863544	0.9214145383104125	0.3785310734463277	0.9263865678237493	0.9221076746849943	0.8571428571428571	0.6086956521739131	0.8858917480035493	0.9879073319755601	0.9798657718120806	0.9426957223567393	0.9901753535998151	0.9117983963344788	0.8588235294117647	0.5289855072463768	0.888898747904959	0.9786150712830958	0.976	0.8861985472154964	0.9868912624232127	0.9208715596330275	0.8953488372093024	0.5620437956204379	0.9232583544366653	0.9768359424716813	0.9774368231046932	0.8733870967741936	0.9829804218849785	0.9243119266055045	0.8446601941747572	0.635036496350365	0.9087938825165104	0.978363242968054	0.968476357267951	0.8919354838709678	0.9791744260872532	0.9002293577981652	0.890625	0.41605839416058393	0.8976910472218084	0.9333078783250605	0.945273631840796	0.6129032258064516	0.9644716443959107	25.872183398059654	0.0049205809097469435	0.01747309983619391	0.0326914775188962	0.1219178527700969	0.01891665269293309	0.03196107824727225	0.017792150938379023	0.2002741190973204	0.021773962296117444
77.04559767246246	0.047223019599914554	0.9248482071256731	0.8827863540224747	0.6034843176903193	0.9342493549502418	0.9927825168203276	0.9816609269214054	0.9724011950324142	0.9997039765030186	8	0.1	{'depth': 8, 'l2_leaf_reg': 0.1}	20	11	24	20	0.9359267734553776	0.8942307692307693	0.6739130434782609	0.9650874291115312	0.9872692552514322	0.9773679798826488	0.9410815173527038	0.9990003323076202	0.9324942791762014	0.9072164948453608	0.6376811594202898	0.9285798676748581	0.9900700190961171	0.9801488833746899	0.9564164648910412	0.999549603621909	0.9209621993127147	0.8876404494382022	0.572463768115942	0.9292812777284826	0.9942718940936863	0.9806763285024155	0.9830508474576272	0.9998357009112561	0.9266895761741123	0.8854166666666666	0.6159420289855072	0.9293700088731145	0.9932535641547862	0.9844771241830066	0.9725585149313963	0.9997637362027493	0.9266895761741123	0.8936170212765957	0.6086956521739131	0.9417825101054915	0.995162932790224	0.9862348178137652	0.9830508474576272	0.999907055749352	0.9243986254295533	0.8829787234042553	0.6014492753623188	0.9250123237700878	0.9940173116089613	0.9829821717990276	0.9790153349475383	0.9998463126564089	0.9140893470790378	0.8705882352941177	0.5362318840579711	0.9109139307897071	0.9909623217922607	0.9826446280991735	0.9596448748991122	0.999578274610741	0.9197247706422018	0.8681318681318682	0.5766423357664233	0.9444113411788073	0.9945271732213313	0.9814963797264682	0.9838709677419355	0.9998694711081427	0.9288990825688074	0.8712871287128713	0.6423357664233577	0.9474849793932172	0.9943998981799669	0.9799357945425361	0.9846774193548387	0.9998556382143746	0.9185779816513762	0.8666666666666667	0.5693430656934306	0.9205521624708278	0.9938907980145093	0.9806451612903225	0.9806451612903225	0.9998336396476329	3.8866096778681007	0.001367007062014474	0.006333791201079408	0.012773322178364669	0.03898937417809194	0.014782206526637	0.0023997097993304823	0.0023934252083140633	0.014212612885053868	0.00026160517545352783
77.05918641090393	0.046567988395690915	0.9281704662618857	0.8822755978516695	0.6281667893652173	0.9428726049164071	0.9949720509754236	0.9811616535862477	0.9870892889687312	0.9999021542556731	8	1.0	{'depth': 8, 'l2_leaf_reg': 1.0}	9	12	14	12	0.948512585812357	0.9043478260869565	0.7536231884057971	0.9699314744801513	0.9945257797581158	0.9776357827476039	0.9878934624697336	0.9998879498718103	0.9347826086956522	0.9090909090909091	0.6521739130434783	0.9406407529930687	0.9947803946530872	0.9815112540192926	0.9854721549636803	0.9998972822994712	0.9255441008018328	0.9010989010989011	0.5942028985507246	0.9360839988169181	0.9947810590631364	0.9815112540192926	0.9854721549636803	0.9998944924188837	0.9324169530355098	0.8910891089108911	0.6521739130434783	0.9459725919353248	0.9959266802443992	0.9863013698630136	0.9878934624697336	0.999933158202946	0.9221076746849943	0.8723404255319149	0.5942028985507246	0.9507837917775805	0.995162932790224	0.9831053901850362	0.9862792574656981	0.9999091293087498	0.9255441008018328	0.8686868686868687	0.6231884057971014	0.9319826481317164	0.994653767820774	0.9791833466773419	0.9870863599677159	0.999888881611102	0.9209621993127147	0.8876404494382022	0.572463768115942	0.9264221630681259	0.994908350305499	0.9807538091419407	0.9870863599677159	0.9999006521100358	0.9243119266055045	0.8736842105263158	0.6058394160583942	0.951164407368787	0.9947817233040601	0.9823008849557522	0.9846774193548387	0.9998943337542109	0.930045871559633	0.8725490196078431	0.6496350364963503	0.9490838671234917	0.9950362733867889	0.9823293172690764	0.9862903225806452	0.9999053635065105	0.9174311926605505	0.8421052631578947	0.583941605839416	0.9266299220418095	0.9951635484281532	0.976984126984127	0.992741935483871	0.9999102994730094	1.1155647671219722	0.0007485237848601859	0.008439531954083342	0.01931896402075364	0.05025952851966179	0.012713837619379212	0.0003745001096324496	0.0025896727956434013	0.002135127114783668	1.26898540890224e-05
78.96939792633057	0.04756019115447998	0.9270248596631917	0.8682824390801488	0.6332679926738863	0.9448899856779525	0.9945138219432916	0.9801754659234838	0.9851528287640917	0.9998678382171204	8	10.0	{'depth': 8, 'l2_leaf_reg': 10.0}	14	33	7	6	0.9427917620137299	0.8928571428571429	0.7246376811594203	0.9718809073724008	0.9943984723106302	0.978382706164932	0.9862792574656981	0.9998559878319783	0.9256292906178489	0.8762886597938144	0.6159420289855072	0.9410838059231255	0.9946530872056015	0.9799518845228549	0.9862792574656981	0.9998727618032641	0.9243986254295533	0.8913043478260869	0.5942028985507246	0.9351671103223897	0.9942718940936863	0.9814516129032258	0.9822437449556094	0.9998604616499459	0.9324169530355098	0.8691588785046729	0.6739130434782609	0.951809129448881	0.9955448065173116	0.9831460674157303	0.9887005649717514	0.9998988834858437	0.9289805269186713	0.8653846153846154	0.6521739130434783	0.9450359854086562	0.994653767820774	0.9799518845228549	0.9862792574656981	0.9998783918400315	0.9266895761741123	0.8627450980392157	0.6376811594202898	0.9423050379572118	0.9938900203665988	0.9806295399515739	0.9806295399515739	0.9998392381596404	0.9129438717067583	0.8604651162790697	0.5362318840579711	0.9249433106575964	0.9945264765784114	0.9807073954983923	0.9846650524616626	0.9998657675225221	0.9208715596330275	0.84	0.6131386861313869	0.9527632950990615	0.9941453480972381	0.979903536977492	0.9830645161290322	0.9998671554695383	0.9346330275229358	0.8703703703703703	0.6861313868613139	0.9529668801827301	0.9945271732213313	0.9814963797264682	0.9838709677419355	0.9998630726330517	0.9208715596330275	0.8541666666666666	0.5985401459854015	0.9309201052683846	0.9945271732213313	0.9761336515513126	0.989516129032258	0.9998766617753879	4.212832195666153	0.00180520975660283	0.007890130199375279	0.015173504550640092	0.05102275949008995	0.01270050465595951	0.0004122088683298796	0.0018003095155628061	0.002656998299548477	1.489146708258283e-05
75.00502676963806	0.046698808670043945	0.9282850269217551	0.8748629283866475	0.6361735166560814	0.9455802668844033	0.9945010928186429	0.980095368819242	0.985153024030826	0.9998669124577798	8	10.0	{'depth': 8, 'l2_leaf_reg': 10.0}	8	23	5	3	0.9450800915331807	0.8947368421052632	0.7391304347826086	0.9690945967233775	0.9943984723106302	0.978382706164932	0.9862792574656981	0.9998662352035275	0.9336384439359268	0.8921568627450981	0.6594202898550725	0.9439488815374921	0.9945257797581158	0.9807073954983923	0.9846650524616626	0.9998680040950448	0.9198167239404352	0.8695652173913043	0.5797101449275363	0.9405304150645766	0.9942718940936863	0.979903536977492	0.9838579499596449	0.9998630231056723	0.9266895761741123	0.8490566037735849	0.6521739130434783	0.9478359459725919	0.9955448065173116	0.9847020933977456	0.9870863599677159	0.9999020548119811	0.9324169530355098	0.898989898989899	0.644927536231884	0.946376811594203	0.994653767820774	0.9791833466773419	0.9870863599677159	0.9998729030063318	0.9278350515463918	0.8865979381443299	0.6231884057971014	0.9420092674751059	0.9941446028513238	0.9798873692679002	0.9830508474576272	0.9998437512006825	0.9186712485681557	0.8764044943820225	0.5652173913043478	0.9292122646159914	0.9943991853360489	0.9791499599037691	0.9854721549636803	0.9998606446110693	0.9220183486238532	0.8556701030927835	0.6058394160583942	0.9551268682655543	0.9940180730558738	0.9806607574536664	0.9814516129032258	0.9998567960336767	0.9369266055045872	0.8727272727272727	0.7007299270072993	0.950931029346045	0.9945271732213313	0.980722891566265	0.9846774193548387	0.9998562475929546	0.9197247706422018	0.8526315789473684	0.5912408759124088	0.9307115546948707	0.9945271732213313	0.9776536312849162	0.9879032258064516	0.9998794649168563	1.0605160275908094	0.0007347066330525197	0.008259156429749512	0.01725567612774866	0.051941335445680165	0.010994105358904887	0.00039350465157017274	0.0018168896040153817	0.0019149557537689818	1.4956685715021781e-05
3.728842353820801	0.04354350566864014	0.8899072058655058	0.8927512168712516	0.3456279171809202	0.8954098386686141	0.9101213608081098	0.9552291559990429	0.45107767710692814	0.9523010562476891	9	0.001	{'depth': 9, 'l2_leaf_reg': 0.001}	33	2	33	33	0.9073226544622426	0.9830508474576272	0.42028985507246375	0.9484581758034026	0.9191597708465945	0.9603658536585366	0.5084745762711864	0.9654849617382665	0.8878718535469108	0.8846153846153846	0.3333333333333333	0.9093021424070574	0.9126670910248249	0.9600665557404326	0.46569814366424533	0.9591712999425172	0.8831615120274914	0.8461538461538461	0.3188405797101449	0.889145223306714	0.9128054989816701	0.9526143790849673	0.4705407586763519	0.9584564204290488	0.8888888888888888	0.8253968253968254	0.37681159420289856	0.8985014295573301	0.920061099796334	0.9649923896499238	0.5117029862792575	0.9630408772961468	0.9003436426116839	0.9636363636363636	0.38405797101449274	0.9057872424332052	0.902367617107943	0.9521072796934866	0.4011299435028249	0.9496569052028411	0.8854524627720504	0.8064516129032258	0.36231884057971014	0.8927733412205461	0.9241344195519349	0.9612625538020086	0.5407586763518967	0.966706442414877	0.8854524627720504	0.88	0.3188405797101449	0.8740017746228926	0.91229633401222	0.9568106312292359	0.4648910411622276	0.9588608864856741	0.8864678899082569	1.0	0.2773722627737226	0.8661055663141168	0.8913071146748123	0.9467592592592593	0.32983870967741935	0.9217285510927375	0.8910550458715596	0.92	0.3357664233576642	0.8933015541983217	0.9005981926944127	0.9508840864440079	0.3903225806451613	0.9356636985867293	0.8830275229357798	0.8181818181818182	0.3284671532846715	0.876587715378122	0.9058164693903525	0.9464285714285714	0.4274193548387097	0.9442405192880509	0.8544997054033298	0.0027440278215416897	0.007506093823236458	0.06735181716230058	0.03865439467431612	0.02202029828769671	0.009584321316702345	0.006071754461089246	0.061024956910046196	0.013813898553123075
50.31195521354675	0.046677565574645995	0.9109863672814755	0.8700519759275605	0.5134675247918151	0.9111049850909132	0.9636594503004723	0.9670017952728159	0.7935084875940535	0.9794739737243837	9	0.01	{'depth': 9, 'l2_leaf_reg': 0.01}	31	32	31	31	0.9427917620137299	0.9150943396226415	0.7028985507246377	0.9540603339634531	0.9910884786760026	0.9794913863822805	0.9636803874092009	0.9973324505954697	0.9290617848970252	0.9130434782608695	0.6086956521739131	0.9271522526780088	0.9926161680458306	0.9796913078797725	0.9733656174334141	0.9997318604444627	0.9117983963344788	0.8588235294117647	0.5289855072463768	0.8996154983732624	0.9786150712830958	0.9751552795031055	0.8870056497175142	0.9814917747387528	0.9095074455899198	0.8041237113402062	0.5652173913043478	0.878536922015183	0.9862525458248472	0.9812765957446808	0.930589184826473	0.9784756606207775	0.8923253150057274	0.9230769230769231	0.34782608695652173	0.9115350488021297	0.9036405295315683	0.9430147058823529	0.41404358353510895	0.9459499908702399	0.8820160366552119	0.8301886792452831	0.3188405797101449	0.8871241250123238	0.9087321792260692	0.9393939393939394	0.45036319612590797	0.9468810190397883	0.9095074455899198	0.8470588235294118	0.5217391304347826	0.8840481119984225	0.9783604887983707	0.974267968056788	0.8861985472154964	0.9871117915638579	0.9002293577981652	0.9032258064516129	0.40875912408759124	0.9104871145538508	0.932162402952781	0.9526248399487837	0.6	0.9759394180190808	0.9185779816513762	0.8367346938775511	0.5985401459854015	0.9409305327970605	0.9719994908998345	0.9653284671532847	0.853225806451613	0.9820374694701332	0.9139908256880734	0.8690476190476191	0.5328467153284672	0.9175331446447192	0.993127147766323	0.9797734627831716	0.9766129032258064	0.9997883018812735	41.22941313141006	0.0031475734255198124	0.01647683312411444	0.039362858247052046	0.11483840457894624	0.023528593379039404	0.03330213749623539	0.015330514155925054	0.20825766999267625	0.018467826689324517
100.5206915140152	0.05136241912841797	0.926566617023714	0.8910555774200097	0.6092784596861788	0.9324318702876385	0.9942846717784294	0.9815389232885776	0.9822477804681196	0.9998463867684144	9	0.1	{'depth': 9, 'l2_leaf_reg': 0.1}	16	3	20	24	0.9416475972540046	0.9065420560747663	0.7028985507246377	0.9607159735349716	0.9919796308084023	0.9788273615635179	0.970137207425343	0.999669949241353	0.931350114416476	0.9239130434782609	0.6159420289855072	0.9407589004410838	0.9949077021005729	0.9823008849557522	0.9854721549636803	0.9999022839927273	0.9221076746849943	0.9166666666666666	0.5579710144927537	0.9153406290052253	0.9945264765784114	0.9814814814814815	0.9838579499596449	0.9998868080517044	0.9278350515463918	0.8712871287128713	0.6376811594202898	0.9168983535443161	0.9942718940936863	0.9861563517915309	0.9774011299435028	0.9998253331142679	0.9301260022909508	0.9139784946236559	0.6159420289855072	0.937385388938184	0.9945264765784114	0.9799357945425361	0.9854721549636803	0.9998632670538369	0.9301260022909508	0.9052631578947369	0.6231884057971014	0.9247461303361925	0.994653767820774	0.9814963797264682	0.9846650524616626	0.9998914430668284	0.9198167239404352	0.8953488372093024	0.5579710144927537	0.911308291432515	0.994908350305499	0.9823008849557522	0.9854721549636803	0.9998941874836784	0.9231651376146789	0.8804347826086957	0.5912408759124088	0.9478673221113263	0.9942726231386025	0.9814665592264303	0.9822580645161291	0.9998673992209705	0.9254587155963303	0.86	0.6277372262773723	0.9406425343860172	0.9936362479317806	0.9813915857605178	0.978225806451613	0.999760818907311	0.9139908256880734	0.8369565217391305	0.5620437956204379	0.928635979939421	0.9951635484281532	0.9800319488817891	0.989516129032258	0.9999023775514682	4.345546678498677	0.001956195125557762	0.007168027729784874	0.02667134962458618	0.04245546632546801	0.015011690041419277	0.0008681424227214059	0.0018629930808466862	0.005280027411654036	7.199313118820633e-05
101.01084184646606	0.05273492336273193	0.9292015122007102	0.8876855456672836	0.6310754097452328	0.9429417218635657	0.9950229723339057	0.9820140897850281	0.9865247728396991	0.9999060327572039	9	1.0	{'depth': 9, 'l2_leaf_reg': 1.0}	3	6	11	10	0.9450800915331807	0.9017857142857143	0.7318840579710145	0.9691339792060492	0.9947803946530872	0.9792	0.9878934624697336	0.9998973432957303	0.9393592677345538	0.912621359223301	0.6811594202898551	0.9421274417139256	0.9949077021005729	0.9799839871897518	0.9878934624697336	0.9999022839927272	0.9289805269186713	0.9222222222222223	0.6014492753623188	0.9356206250616188	0.9947810590631364	0.9822866344605475	0.9846650524616626	0.9998971758486925	0.9324169530355098	0.883495145631068	0.6594202898550725	0.945174011633639	0.9959266802443992	0.9870863599677159	0.9870863599677159	0.9999371833476591	0.9289805269186713	0.9042553191489362	0.6159420289855072	0.9471951099280292	0.995162932790224	0.9831053901850362	0.9862792574656981	0.9999113248422296	0.9221076746849943	0.8723404255319149	0.5942028985507246	0.9375332741792369	0.994653767820774	0.9791833466773419	0.9870863599677159	0.9998920529372397	0.9198167239404352	0.8777777777777778	0.572463768115942	0.9239278320023662	0.9950356415478615	0.9823151125401929	0.9862792574656981	0.9999068727882288	0.9243119266055045	0.865979381443299	0.6131386861313869	0.9512537861860073	0.9947817233040601	0.9807538091419407	0.9862903225806452	0.9998971368956793	0.9288990825688074	0.8571428571428571	0.656934306569343	0.9488653855702865	0.9950362733867889	0.9823293172690764	0.9862903225806452	0.9999069478908188	0.9220183486238532	0.8791208791208791	0.583941605839416	0.9285565321018918	0.9951635484281532	0.9838969404186796	0.9854838709677419	0.9999120057330337	3.072295982739701	0.004449607018763077	0.007616606819548773	0.020288497006642488	0.04754080916976766	0.012107277228507135	0.00034373568879326875	0.00228845107551953	0.0009565515589160499	1.215796666480871e-05
100.60093486309052	0.051323318481445314	0.9292015122007102	0.876447028107862	0.6412562991244878	0.9456359097384719	0.9947302040945092	0.9802790963437016	0.9864438022338515	0.9998910812192501	9	10.0	{'depth': 9, 'l2_leaf_reg': 10.0}	3	19	2	2	0.9473684210526315	0.9035087719298246	0.7463768115942029	0.971181868304978	0.9943984723106302	0.9806918744971842	0.9838579499596449	0.9998819722384066	0.9324942791762014	0.883495145631068	0.6594202898550725	0.945593100189036	0.9946530872056015	0.9791833466773419	0.9870863599677159	0.9998906947034754	0.9209621993127147	0.8791208791208791	0.5797101449275363	0.9301390121265898	0.9945264765784114	0.9784	0.9870863599677159	0.9998855883108823	0.9312714776632303	0.8679245283018868	0.6666666666666666	0.9485852311939269	0.9955448065173116	0.9854838709677419	0.9862792574656981	0.999917789468587	0.9289805269186713	0.88	0.6376811594202898	0.9486641033224883	0.994908350305499	0.9799839871897518	0.9878934624697336	0.9998955901856238	0.9324169530355098	0.883495145631068	0.6594202898550725	0.9406684412895593	0.9942718940936863	0.9791332263242376	0.9846650524616626	0.9998685119393721	0.9163802978235968	0.8735632183908046	0.5507246376811594	0.9306713989943803	0.9947810590631364	0.9807383627608347	0.9862792574656981	0.9998904062871297	0.9277522935779816	0.8775510204081632	0.6277372262773723	0.9547594220169819	0.9943998981799669	0.9807073954983923	0.9838709677419355	0.9998810493011645	0.9346330275229358	0.8703703703703703	0.6861313868613139	0.9527186056904514	0.9949089983454245	0.98	0.9879032258064516	0.9998967103306732	0.9197247706422018	0.845360824742268	0.5985401459854015	0.9333531952927157	0.9949089983454245	0.9784688995215312	0.989516129032258	0.9999024994271842	4.136245772704495	0.0008781111967274029	0.008423563714383733	0.013917169158131217	0.053277999342657804	0.012017020874893468	0.0003519207470044827	0.0019271978548508362	0.0017612664427334973	1.2725902738454814e-05
98.47733433246613	0.05150182247161865	0.9283995875816244	0.8762405002313763	0.6354354347912738	0.9458965412945243	0.9947811254525787	0.9799770835360502	0.9870894842354657	0.9998916432830477	9	10.0	{'depth': 9, 'l2_leaf_reg': 10.0}	6	20	6	1	0.9496567505720824	0.9196428571428571	0.7463768115942029	0.9711818683049779	0.9946530872056015	0.9799518845228549	0.9862792574656981	0.9998873399092181	0.931350114416476	0.8823529411764706	0.6521739130434783	0.9432203056080656	0.9946530872056015	0.9768924302788845	0.9895076674737692	0.9998898407558461	0.9255441008018328	0.9010989010989011	0.5942028985507246	0.9327023563048408	0.994653767820774	0.9791833466773419	0.9870863599677159	0.9998864421294577	0.9301260022909508	0.8598130841121495	0.6666666666666666	0.9494626836241743	0.9956720977596741	0.9839357429718876	0.9887005649717514	0.9999209607947246	0.9266895761741123	0.87	0.6304347826086957	0.9468204673173618	0.9950356415478615	0.9815409309791332	0.9870863599677159	0.9998985175635969	0.9301260022909508	0.8811881188118812	0.644927536231884	0.9435768510302671	0.9943991853360489	0.9799196787148594	0.9846650524616626	0.9998749765657295	0.9140893470790378	0.8620689655172413	0.5434782608695652	0.9307009760425909	0.994653767820774	0.9799518845228549	0.9862792574656981	0.999889430494472	0.9231651376146789	0.8645833333333334	0.6058394160583942	0.9572918218382243	0.9945271732213313	0.9799518845228549	0.9854838709677419	0.999882755561189	0.9334862385321101	0.8761904761904762	0.6715328467153284	0.9515765430259695	0.9947817233040601	0.9807538091419407	0.9862903225806452	0.9998908602963043	0.9197247706422018	0.845360824742268	0.5985401459854015	0.9324097522220568	0.9947817233040601	0.9776892430278884	0.989516129032258	0.9998953087599389	3.732994777088275	0.0018492833494826869	0.009007739767613284	0.020406023216696198	0.05233413541462137	0.011895253680035495	0.00033678009384877306	0.001846738325099757	0.0015728723210575077	1.1538234880837465e-05
5.560451364517212	0.04570600986480713	0.8927712223622408	0.8831552826752526	0.3696377555093249	0.8969250359868537	0.918827430536519	0.9631574398276401	0.5044772058632091	0.9654556978298027	10	0.001	{'depth': 10, 'l2_leaf_reg': 0.001}	32	9	32	32	0.902745995423341	0.9491525423728814	0.4057971014492754	0.9250846723377442	0.9065563335455125	0.9516994633273703	0.4293785310734463	0.9502208918531446	0.8947368421052632	0.8709677419354839	0.391304347826087	0.9072739445494643	0.9348185868873329	0.9666238767650834	0.6077481840193705	0.9811765544042714	0.8900343642611683	0.85	0.3695652173913043	0.8848466923001083	0.9196792260692465	0.9648318042813455	0.5092816787732042	0.969540266266982	0.8957617411225659	0.873015873015873	0.39855072463768115	0.909237898057774	0.9271894093686355	0.977110157367668	0.5512510088781275	0.9742661520824086	0.8946162657502864	0.9107142857142857	0.3695652173913043	0.9109730848861283	0.9119144602851323	0.9565943238731218	0.46246973365617433	0.9574404373112376	0.8854524627720504	0.8392857142857143	0.34057971014492755	0.8755989352262645	0.9133146639511202	0.9603960396039604	0.46973365617433416	0.9569152169132191	0.8865979381443299	0.8679245283018868	0.3333333333333333	0.8682638272700385	0.9163696537678208	0.9648562300319489	0.48748991121872476	0.9663525346153296	0.893348623853211	0.9583333333333334	0.3357664233576642	0.8937136898555043	0.9139620720376734	0.9607843137254902	0.47419354838709676	0.9615458959571387	0.9002293577981652	0.8787878787878788	0.4233576642335766	0.9181885893043349	0.9288532518773068	0.9670781893004116	0.5685483870967742	0.9767586056443084	0.8841743119266054	0.8333333333333334	0.3284671532846715	0.8760216495357267	0.9156166475754105	0.9616	0.4846774193548387	0.9603404232499866	1.4160100750492173	0.0032992932061566204	0.005871493793810815	0.04095491444483167	0.03240382987634981	0.018897052515769286	0.008340644473220478	0.006463733957437839	0.05214416109119862	0.009384824396317604
53.18643732070923	0.04553985595703125	0.9163707182953373	0.881957331300291	0.5424316723467691	0.9153423771831773	0.9745042525367438	0.9752713980336848	0.8600151006274572	0.9882274445709829	10	0.01	{'depth': 10, 'l2_leaf_reg': 0.01}	29	13	29	29	0.937070938215103	0.9029126213592233	0.6739130434782609	0.9376870667926906	0.9856142584341184	0.9747048903878583	0.9330104923325262	0.9880049636315903	0.9096109839816934	0.8734177215189873	0.5	0.9173361688720857	0.9648631444939529	0.9743842364532019	0.7982243744955609	0.985399874396503	0.9129438717067583	0.8522727272727273	0.5434782608695652	0.914473035591048	0.980142566191446	0.9729257641921397	0.8991121872477804	0.9908429787388198	0.9198167239404352	0.8695652173913043	0.5797101449275363	0.8981070689145222	0.9843431771894093	0.984375	0.9152542372881356	0.9853056603414566	0.9278350515463918	0.9310344827586207	0.5869565217391305	0.9253573893325445	0.9802698574338086	0.9787985865724381	0.8942695722356739	0.9906837415744877	0.9083619702176403	0.8452380952380952	0.5144927536231884	0.8925170068027211	0.9643584521384929	0.9705593719332679	0.7982243744955609	0.9865691288720825	0.9060710194730813	0.8414634146341463	0.5	0.8845903578822832	0.9890529531568228	0.9808173477898249	0.9491525423728814	0.9911111997456107	0.911697247706422	0.8846153846153846	0.5036496350364964	0.933884502706192	0.9686903398243605	0.9715370018975332	0.8258064516129032	0.9893141809708134	0.9185779816513762	0.9024390243902439	0.5401459854014599	0.9339291921148022	0.9572355861015654	0.9718162839248434	0.7508064516129033	0.984537688846422	0.911697247706422	0.9166666666666666	0.48175182481751827	0.915556879686181	0.9704721904034619	0.9727954971857411	0.8362903225806452	0.9905050285920429	35.56467549587889	0.0012629430243202018	0.009211978907411371	0.029282108463988876	0.05500251629460568	0.01748576528083934	0.010203373541766977	0.004323204530606713	0.06350034441610307	0.0024597687908318715
169.06713242530822	0.05286471843719483	0.9274831023026693	0.8981420536222283	0.6093093327720794	0.9378522088911598	0.9950229723339057	0.9833311743057875	0.9851526985862689	0.9999061547017762	10	0.1	{'depth': 10, 'l2_leaf_reg': 0.1}	12	1	19	18	0.9473684210526315	0.9181818181818182	0.7318840579710145	0.9682478733459358	0.9947803946530872	0.9830645161290322	0.9838579499596449	0.9998973432957303	0.9324942791762014	0.9247311827956989	0.6231884057971014	0.9370077189666036	0.9949077021005729	0.9823008849557522	0.9854721549636803	0.9999022839927273	0.9255441008018328	0.9195402298850575	0.5797101449275363	0.9298629596766244	0.9947810590631364	0.9854132901134521	0.9814366424535916	0.9998972978227748	0.9255441008018328	0.8762886597938144	0.6159420289855072	0.9317953268263827	0.9959266802443992	0.9855189058728882	0.9887005649717514	0.9999373053217414	0.9266895761741123	0.8936170212765957	0.6086956521739131	0.9480134082618557	0.995162932790224	0.9854486661277284	0.9838579499596449	0.9999116907644763	0.9243986254295533	0.9	0.5869565217391305	0.9271320122251798	0.994653767820774	0.9830508474576272	0.9830508474576272	0.9998921749113218	0.9129438717067583	0.8780487804878049	0.5217391304347826	0.9236419205363305	0.9950356415478615	0.9815409309791332	0.9870863599677159	0.9999069947623109	0.9231651376146789	0.8804347826086957	0.5912408759124088	0.9460996077263022	0.9947817233040601	0.9823008849557522	0.9846774193548387	0.9998973806471113	0.9346330275229358	0.8846153846153846	0.6715328467153284	0.9412086002284127	0.9950362733867889	0.9823293172690764	0.9862903225806452	0.999907069766535	0.9220183486238532	0.9058823529411765	0.5620437956204379	0.9254779283976364	0.9951635484281532	0.9823434991974318	0.9870967741935484	0.9999120057330337	4.042036397174892	0.001837104690747321	0.008658368233360159	0.01740432167204694	0.05545422696290473	0.012956162003968902	0.00034373568879326875	0.001451275993294451	0.0020810469151872507	1.2166646512214818e-05
169.08549456596376	0.05194611549377441	0.9290869515408409	0.8892326691449494	0.62889989033177	0.9428861576143365	0.9950229723339057	0.9819358436117536	0.9866052878231664	0.9999061547017762	10	1.0	{'depth': 10, 'l2_leaf_reg': 1.0}	5	4	13	11	0.9450800915331807	0.9090909090909091	0.7246376811594203	0.9709948015122872	0.9947803946530872	0.9822866344605475	0.9846650524616626	0.9998973432957303	0.9336384439359268	0.9166666666666666	0.6376811594202898	0.9422554347826086	0.9949077021005729	0.9823008849557522	0.9854721549636803	0.9999022839927274	0.9278350515463918	0.9120879120879121	0.6014492753623188	0.9342403628117913	0.9947810590631364	0.9838449111470113	0.9830508474576272	0.9998972978227748	0.9289805269186713	0.8725490196078431	0.644927536231884	0.944819087055112	0.9959266802443992	0.9855189058728882	0.9887005649717514	0.9999373053217414	0.9312714776632303	0.90625	0.6304347826086957	0.9476979197476092	0.995162932790224	0.9815557337610264	0.9878934624697336	0.9999116907644763	0.9289805269186713	0.8877551020408163	0.6304347826086957	0.9349009168884945	0.994653767820774	0.9776536312849162	0.9887005649717514	0.9998921749113218	0.9198167239404352	0.8953488372093024	0.5579710144927537	0.9273587695947945	0.9950356415478615	0.9815409309791332	0.9870863599677159	0.999906994762311	0.9231651376146789	0.8645833333333334	0.6058394160583942	0.9521177814191369	0.9947817233040601	0.9799839871897518	0.9870967741935484	0.9998973806471113	0.9334862385321101	0.8691588785046729	0.6788321167883211	0.9465514673022494	0.9950362733867889	0.9823293172690764	0.9862903225806452	0.9999070697665349	0.9185779816513762	0.8586956521739131	0.5766423357664233	0.927891156462585	0.9951635484281532	0.9823434991974318	0.9870967741935484	0.9999120057330335	4.326143016057325	0.0019043127808485436	0.00730646885890816	0.020541392705458395	0.045881526248025925	0.012333747059313092	0.00034373568879326875	0.001987654733839856	0.0017010604763815886	1.2166646512200539e-05
175.28789472579956	0.05142278671264648	0.9304616794592737	0.8830202735200662	0.6441337434442563	0.9447257176911534	0.9949847849607844	0.9803891117528943	0.9879767762763937	0.9999016426063344	10	10.0	{'depth': 10, 'l2_leaf_reg': 10.0}	1	10	1	7	0.948512585812357	0.911504424778761	0.7463768115942029	0.9697247164461248	0.9946530872056015	0.980722891566265	0.9854721549636803	0.9998908776922529	0.937070938215103	0.9108910891089109	0.6666666666666666	0.9486452425960933	0.9949077021005729	0.9792166266986411	0.9887005649717514	0.99989972214984	0.9266895761741123	0.8936170212765957	0.6086956521739131	0.9327220743369812	0.9947810590631364	0.9799679487179487	0.9870863599677159	0.9998924188594862	0.9312714776632303	0.8611111111111112	0.6739130434782609	0.9453218968746918	0.9959266802443992	0.9855189058728882	0.9887005649717514	0.9999338900474393	0.9369988545246277	0.9108910891089109	0.6666666666666666	0.9489007197081731	0.9950356415478615	0.9807692307692307	0.9878934624697336	0.9999037624491323	0.9289805269186713	0.88	0.6376811594202898	0.940648723257419	0.994653767820774	0.980722891566265	0.9854721549636803	0.9998881497666087	0.9186712485681557	0.8764044943820225	0.5652173913043478	0.9318446219067337	0.9950356415478615	0.98	0.9887005649717514	0.9999045552806666	0.9220183486238532	0.8556701030927835	0.6058394160583942	0.9539351507026168	0.9947817233040601	0.9776892430278884	0.989516129032258	0.9998950650085069	0.9346330275229358	0.8846153846153846	0.6715328467153284	0.9486667659764636	0.9949089983454245	0.9815409309791332	0.9862903225806452	0.9999002447264378	0.9197247706422018	0.845360824742268	0.5985401459854015	0.9268086796762501	0.9951635484281532	0.9777424483306836	0.9919354838709677	0.9999077400829729	4.623688170045578	0.0005421977422582746	0.008789733262639725	0.022757071415813946	0.04918083972132677	0.01185963039549832	0.00035189704338685395	0.002097770471264449	0.0018921613898964223	1.2336850100084455e-05
170.1544941663742	0.05262150764465332	0.9304616794592737	0.8880001587182096	0.6397834559937093	0.9451084480881256	0.9949338684638394	0.9798459242352486	0.9882191022937331	0.9999004346805174	10	10.0	{'depth': 10, 'l2_leaf_reg': 10.0}	1	5	3	5	0.9473684210526315	0.896551724137931	0.7536231884057971	0.969153670447385	0.9947803946530872	0.9784345047923323	0.9887005649717514	0.9998958793855091	0.9382151029748284	0.9038461538461539	0.6811594202898551	0.9455438720856962	0.9947803946530872	0.9784345047923323	0.9887005649717514	0.9998954524116945	0.9232531500572738	0.898876404494382	0.5797101449275363	0.936636103716849	0.9947810590631364	0.9799679487179487	0.9870863599677159	0.9998938825484728	0.9324169530355098	0.8761904761904762	0.6666666666666666	0.9475007394262053	0.9959266802443992	0.9847389558232932	0.9895076674737692	0.9999320604362062	0.9335624284077892	0.9166666666666666	0.6376811594202898	0.9487133984028393	0.994908350305499	0.9807538091419407	0.9870863599677159	0.9999005911229947	0.9301260022909508	0.8811881188118812	0.644927536231884	0.9390614216701172	0.994653767820774	0.9776536312849162	0.9887005649717514	0.999888271740691	0.9198167239404352	0.8863636363636364	0.5652173913043478	0.9300601399980282	0.994653767820774	0.9791833466773419	0.9870863599677159	0.9998902843130474	0.9220183486238532	0.8556701030927835	0.6058394160583942	0.9523164010129599	0.9947817233040601	0.9792166266986411	0.9879032258064516	0.9998965275170992	0.9369266055045872	0.8867924528301887	0.6861313868613139	0.9519837131933064	0.9949089983454245	0.9830917874396136	0.9846774193548387	0.9999008541050178	0.9208715596330275	0.8777777777777778	0.5766423357664233	0.9300859029743284	0.9951635484281532	0.976984126984127	0.992741935483871	0.9999105432244414	6.657775679400375	0.0020626025233357326	0.008544485979726747	0.016134980613395546	0.05647405199426224	0.01121255913343467	0.00035919602462625584	0.002305033557789142	0.0019825350122082133	1.2071903805332118e-05
