mean_fit_time	mean_score_time	mean_test_accuracy	mean_test_precision	mean_test_recall	mean_test_roc_auc	mean_train_accuracy	mean_train_precision	mean_train_recall	mean_train_roc_auc	param_bagging_temperature	param_class_weights	param_depth	param_iterations	param_l2_leaf_reg	param_random_strength	params	rank_test_accuracy	rank_test_precision	rank_test_recall	rank_test_roc_auc	split0_test_accuracy	split0_test_precision	split0_test_recall	split0_test_roc_auc	split0_train_accuracy	split0_train_precision	split0_train_recall	split0_train_roc_auc	split1_test_accuracy	split1_test_precision	split1_test_recall	split1_test_roc_auc	split1_train_accuracy	split1_train_precision	split1_train_recall	split1_train_roc_auc	split2_test_accuracy	split2_test_precision	split2_test_recall	split2_test_roc_auc	split2_train_accuracy	split2_train_precision	split2_train_recall	split2_train_roc_auc	split3_test_accuracy	split3_test_precision	split3_test_recall	split3_test_roc_auc	split3_train_accuracy	split3_train_precision	split3_train_recall	split3_train_roc_auc	split4_test_accuracy	split4_test_precision	split4_test_recall	split4_test_roc_auc	split4_train_accuracy	split4_train_precision	split4_train_recall	split4_train_roc_auc	std_fit_time	std_score_time	std_test_accuracy	std_test_precision	std_test_recall	std_test_roc_auc	std_train_accuracy	std_train_precision	std_train_recall	std_train_roc_auc
16.909550762176515	0.1579570770263672	0.7821560003590342	0.19397909659623963	0.45742030661859095	0.7048451292221141	0.9013538727058352	0.6184249993900073	0.8862957380623173	0.966402534573418	0.0	[1.0, 5.0]	4	1000	0.1	0	{'bagging_temperature': 0.0, 'class_weights': [1.0, 5.0], 'depth': 4, 'iterations': 1000, 'l2_leaf_reg': 0.1, 'random_strength': 0}	40	42	37	53	0.7970387622691731	0.008223684210526315	0.4166666666666667	0.637833361171427	0.834307992202729	0.6422018348623854	0.9793471019320453	0.9669461655855773	0.8930131004366813	0.020833333333333332	0.3333333333333333	0.7623736263736264	0.8838549316461417	0.6058875219683656	0.9132450331125828	0.9642963722754626	0.5892291446673706	0.3484251968503937	0.7531914893617021	0.7325693282333254	0.9034726309593879	0.5770392749244713	0.8883720930232558	0.9653566117832243	0.7032734952481521	0.9027355623100304	0.5439560439560439	0.8482616718277567	0.9391799097508339	0.6437149719775821	0.8212461695607763	0.9661776858244513	0.6913319238900634	0.9293139293139293	0.6340425531914894	0.8200641534975428	0.9459538989700834	0.6232813932172319	0.8292682926829268	0.9692358373983739	1.435315650225357	0.10595802910229031	0.08389698488754861	0.3397336850900694	0.1215827793449097	0.0777432262230175	0.0405606301442314	0.02489366067576791	0.05809080471190366	0.0016675473392723738
17.652413368225098	0.15426325798034668	0.7626783951171349	0.19043431424703205	0.5337281960998843	0.7213308589618981	0.889808739407	0.5956112467699552	0.873692085272156	0.9623668036115948	0.0	[1.0, 5.0]	4	1000	0.1	1	{'bagging_temperature': 0.0, 'class_weights': [1.0, 5.0], 'depth': 4, 'iterations': 1000, 'l2_leaf_reg': 0.1, 'random_strength': 1}	46	52	5	35	0.7622691731824988	0.008397480755773267	0.5	0.6912477033572741	0.79317738791423	0.5883534136546185	0.9760159893404398	0.9577023969874773	0.8860262008733625	0.026923076923076925	0.4666666666666667	0.7161611721611721	0.8688283809739012	0.5742869306087697	0.8933774834437086	0.9540657975572198	0.5850052798310454	0.3426294820717131	0.7319148936170212	0.7183689935453024	0.9137728075338435	0.6090185676392573	0.889922480620155	0.9679176069286863	0.7148891235480465	0.8791208791208791	0.5860805860805861	0.8514451051857537	0.9379046497939965	0.6332819722650231	0.839632277834525	0.9734319239016637	0.6923890063424947	0.9011627906976745	0.6595744680851063	0.7977104852711809	0.935360470819029	0.5731153496821072	0.7695121951219512	0.9587162926829267	1.3374009183994657	0.114959842860056	0.08015213666971838	0.3294698053892685	0.08034045778236344	0.0492841708808206	0.054295942616508976	0.02285741804874956	0.0680215289044542	0.0071726971943465705
16.51030287742615	0.15087733268737794	0.7353917960685755	0.190112336755402	0.601554654488661	0.7089488635543755	0.8696237962470802	0.5535566532575075	0.8496853345380007	0.9497661061944822	0.0	[1.0, 5.0]	4	1000	0.1	10	{'bagging_temperature': 0.0, 'class_weights': [1.0, 5.0], 'depth': 4, 'iterations': 1000, 'l2_leaf_reg': 0.1, 'random_strength': 10}	54	53	2	51	0.7213442022957911	0.00892325996430696	0.625	0.662386559768387	0.746588693957115	0.5372636262513905	0.9653564290473018	0.9389976811637836	0.8768558951965065	0.02491103202846975	0.4666666666666667	0.743970695970696	0.8554965540616879	0.5466666666666666	0.8960264900662251	0.9498338281501609	0.5543822597676874	0.3278084714548803	0.7574468085106383	0.685312574707148	0.8851285069648813	0.5288694808345463	0.8449612403100775	0.9477768462218878	0.720168954593453	0.8828337874659401	0.5934065934065934	0.841068117252656	0.9287816362566216	0.5960516324981018	0.8018386108273748	0.9573676063308869	0.678646934460888	0.9100204498977505	0.6312056737588653	0.8114358023601425	0.9321235899950956	0.5589318600368324	0.7402439024390244	0.9548545691056911	2.1157686936903355	0.11227709272296528	0.0854285116021387	0.33125524158488695	0.07862879442009126	0.06200773332518277	0.06779894641489435	0.023482364595858226	0.07722222205642733	0.0063811594286012525
17.16271562576294	0.1525500774383545	0.8028004667444574	0.19588728148392032	0.43225670642954317	0.7313936357120903	0.9174575879209599	0.6591551335438337	0.9050900281543879	0.976455557109318	0.0	[1.0, 5.0]	4	1000	1.0	0	{'bagging_temperature': 0.0, 'class_weights': [1.0, 5.0], 'depth': 4, 'iterations': 1000, 'l2_leaf_reg': 1.0, 'random_strength': 0}	27	38	42	18	0.818499417734154	0.007386888273314866	0.3333333333333333	0.6687197260731585	0.8635477582846004	0.6849884526558891	0.9880079946702198	0.9787510998913372	0.9069868995633188	0.02857142857142857	0.4	0.7965128205128205	0.9059993221104959	0.6579683131407269	0.9350993377483444	0.9759377838881866	0.6261879619852164	0.37367303609341823	0.7489361702127659	0.747570523547693	0.91985481655876	0.6284627919608908	0.8968992248062015	0.9740922989058135	0.7243928194297783	0.8947368421052632	0.5915750915750916	0.8617261790578499	0.948204826368452	0.6796812749003984	0.8712972420837589	0.9789689280645038	0.7061310782241015	0.9211045364891519	0.6624113475177305	0.8253318030664194	0.9496812162824915	0.644674835061263	0.8341463414634146	0.9745276747967481	1.9103066512141595	0.10890478315059271	0.07957117753021514	0.33731926471604584	0.14378296204500043	0.07215510906996773	0.03170824242645903	0.021174467048748025	0.052949024853414434	0.002057005536138588
16.678674173355102	0.1372708797454834	0.7804505879184992	0.1924245965231886	0.5131117074704304	0.7327623940674309	0.9032618217499324	0.6271288846521579	0.8863074436265524	0.9694117390072577	0.0	[1.0, 5.0]	4	1000	1.0	1	{'bagging_temperature': 0.0, 'class_weights': [1.0, 5.0], 'depth': 4, 'iterations': 1000, 'l2_leaf_reg': 1.0, 'random_strength': 1}	41	48	15	13	0.7925469971718516	0.008835341365461847	0.4583333333333333	0.6756931685318189	0.8249512670565302	0.6295659647614955	0.9760159893404398	0.9669151400673639	0.9008733624454148	0.030973451327433628	0.4666666666666667	0.808937728937729	0.8917636425262682	0.6229946524064172	0.9258278145695364	0.970883345015882	0.5533262935586061	0.32656826568265684	0.7531914893617021	0.7035351422424098	0.9100451245830881	0.5968831168831169	0.8906976744186047	0.9694113176205102	0.7254487856388595	0.8928571428571429	0.5952380952380952	0.8578622126003672	0.9528153815970178	0.7051070840197694	0.874361593462717	0.9790872012756214	0.6945031712473573	0.9143426294820717	0.6510638297872341	0.8150142726817928	0.9367336929867582	0.5810936051899908	0.7646341463414634	0.9607616910569106	1.9143814221276532	0.08470071988359895	0.09126299491057016	0.33320827686852156	0.0956606069374223	0.07019460922220237	0.0444672593191608	0.04274969996487603	0.07010827572882049	0.005947041791322807
17.9798442363739	0.16239280700683595	0.7790144511264698	0.19428392626896387	0.4933383126208362	0.7306044031425417	0.8984962235750737	0.6147483294612597	0.8814591236057623	0.9664671583032709	0.0	[1.0, 5.0]	4	1000	1.0	10	{'bagging_temperature': 0.0, 'class_weights': [1.0, 5.0], 'depth': 4, 'iterations': 1000, 'l2_leaf_reg': 1.0, 'random_strength': 10}	43	41	19	22	0.7832307436366661	0.007698229407236336	0.4166666666666667	0.6751712042759311	0.8120857699805069	0.6127677446451071	0.972018654230513	0.9612361851536837	0.8930131004366813	0.028688524590163935	0.4666666666666667	0.7834139194139195	0.8822731894701163	0.6017391304347826	0.9165562913907285	0.963918020083158	0.6114044350580782	0.36619718309859156	0.774468085106383	0.7391853932584269	0.9226015303119482	0.6348949919224556	0.913953488372093	0.9774205217409474	0.7286166842661035	0.889487870619946	0.6043956043956044	0.8580129346962264	0.932803609966647	0.6123853211009175	0.8181818181818182	0.9635226905548255	0.6945031712473573	0.9126984126984127	0.6524822695035462	0.8188634825343575	0.94271701814615	0.611954459203036	0.7865853658536586	0.9662383739837399	1.7938093785689966	0.11603831144820351	0.07675363519192051	0.3344228335267302	0.11504275446438175	0.06541152512240231	0.04784034818515905	0.01088521477400112	0.06854745918965713	0.005701922288864859
18.394883918762208	0.1425793170928955	0.8289202046494929	0.1987485865551322	0.3886664888984288	0.7109260467787781	0.9470011551595965	0.7581528546778661	0.9538655984383967	0.990327296878846	0.0	[1.0, 5.0]	4	1000	10.0	0	{'bagging_temperature': 0.0, 'class_weights': [1.0, 5.0], 'depth': 4, 'iterations': 1000, 'l2_leaf_reg': 10.0, 'random_strength': 0}	15	26	53	49	0.859590750291133	0.007211538461538462	0.25	0.6249512833361172	0.9079922027290448	0.7631713554987213	0.9940039973351099	0.9886184997638204	0.9218340611353711	0.03409090909090909	0.4	0.8043369963369963	0.9378601287990057	0.7436548223350253	0.9701986754966887	0.9891472731848973	0.6346356916578669	0.3831578947368421	0.774468085106383	0.7588005020320344	0.9467333725721012	0.7229850746268657	0.9387596899224806	0.9874761016736665	0.7191129883843717	0.9022988505747126	0.575091575091575	0.8639504718058334	0.9726309593878752	0.8064798598949212	0.940755873340143	0.9942086585523336	0.7135306553911205	0.9254901960784314	0.6695035460992907	0.8299873458697508	0.9697891123099559	0.7544731610337972	0.925609756097561	0.9921859512195121	2.49705454994825	0.09690787080916914	0.08744147159080348	0.33937848960331374	0.18084192743592264	0.09576289907647045	0.023586039498121505	0.02764485711513806	0.02480446114237092	0.0024884260887209236
18.10034074783325	0.16250138282775878	0.8143793196301948	0.20161349823494423	0.4666785566489459	0.7106663559308454	0.938005769934521	0.7315903564387151	0.9453531935371109	0.9875501101174688	0.0	[1.0, 5.0]	4	1000	10.0	1	{'bagging_temperature': 0.0, 'class_weights': [1.0, 5.0], 'depth': 4, 'iterations': 1000, 'l2_leaf_reg': 10.0, 'random_strength': 1}	21	16	32	50	0.8336383297288305	0.009054325955734407	0.375	0.6216872668559656	0.8787524366471735	0.7116032739528165	0.9846768820786143	0.9813065745276089	0.9244541484716157	0.040697674418604654	0.4666666666666667	0.8116923076923077	0.9360524234549769	0.7388663967611336	0.9668874172185431	0.9881668412283006	0.6272439281942978	0.375	0.7531914893617021	0.7501404494382022	0.9442809495781832	0.7077100115074798	0.9534883720930233	0.9886172141081092	0.7254487856388595	0.9181286549707602	0.575091575091575	0.8668781343344935	0.964292721208554	0.7621483375959079	0.9131767109295199	0.9901425873899918	0.7019027484143763	0.9238476953907816	0.6539007092198581	0.835602248315235	0.9666503187837175	0.7376237623762376	0.9085365853658537	0.9895173333333332	1.6301374104109074	0.10950652633427431	0.08610343859037375	0.3403150366275578	0.12445045969990537	0.09950671584275479	0.03182975002650274	0.019964404838194567	0.029889948378811843	0.0031966141600555946
17.92220606803894	0.16187577247619628	0.8077371869670587	0.19733059346865656	0.4809085422500124	0.7158084394373077	0.9261241083586222	0.6919549489478944	0.9281366893241826	0.9816258751706399	0.0	[1.0, 5.0]	4	1000	10.0	10	{'bagging_temperature': 0.0, 'class_weights': [1.0, 5.0], 'depth': 4, 'iterations': 1000, 'l2_leaf_reg': 10.0, 'random_strength': 10}	25	32	27	44	0.8258193312260855	0.009587727708533078	0.4166666666666667	0.6449807917153834	0.8653021442495127	0.6885474860335196	0.9853431045969354	0.9769705288786075	0.9122270742358078	0.030303030303030304	0.4	0.7744761904761904	0.9096147327985539	0.6672950047125353	0.937748344370861	0.9781263447335162	0.5955649419218585	0.3531746031746032	0.7574468085106383	0.7267063112598613	0.9405532666274279	0.6967779056386652	0.9387596899224806	0.9849492345570668	0.7402323125659979	0.9120879120879121	0.608058608058608	0.8755560731869959	0.9583088091033941	0.7241100323624595	0.9141981613891726	0.9876984221555541	0.7198731501057083	0.9230769230769231	0.6808510638297872	0.853011977281422	0.9568415890142227	0.6830443159922929	0.8646341463414634	0.9803848455284553	1.8445043936527228	0.11791778706490064	0.08538137926312184	0.33906502076034545	0.12182495591110355	0.08480456477593976	0.03509840448703371	0.018742109451777313	0.03925471061942395	0.00408361754936035
18.722405910491943	0.140521240234375	0.7857463423391078	0.19376537739776786	0.5211027645430379	0.7150545731693563	0.9034225562515065	0.6177612257050515	0.8858474046959751	0.9696105995318929	0.0	[1.0, 5.0]	5	1000	0.1	0	{'bagging_temperature': 0.0, 'class_weights': [1.0, 5.0], 'depth': 5, 'iterations': 1000, 'l2_leaf_reg': 0.1, 'random_strength': 0}	38	43	10	45	0.8006987190151389	0.01001669449081803	0.5	0.6480012248761206	0.8399610136452241	0.6489921121822962	0.9866755496335776	0.9735328463856833	0.8921397379912663	0.02459016393442623	0.4	0.7927326007326008	0.8941362557903062	0.6294622684139177	0.9225165562913907	0.9707258335881843	0.6019007391763463	0.358	0.7617021276595745	0.7236104470475735	0.9052383755150089	0.582233502538071	0.8891472868217054	0.9654919921017991	0.7265047518479408	0.8847184986595175	0.6043956043956044	0.8493486978524386	0.9379046497939965	0.6330769230769231	0.8406537282941777	0.9713871385919279	0.6765327695560254	0.9147609147609148	0.624113475177305	0.8100821047055707	0.9398724865129966	0.5950413223140496	0.7902439024390244	0.9669151869918698	1.5809750598481844	0.09508571330273474	0.08143350439153217	0.3333366261172246	0.09831627601363084	0.07727922436892201	0.03642667197799686	0.025001065497862577	0.06738594622446822	0.002966885044566029
19.41117286682129	0.1505873203277588	0.7500224396373755	0.192426040565376	0.5560157089633702	0.7408226510236905	0.8791117604887517	0.567558966434488	0.8551567122654709	0.9547596005347755	0.0	[1.0, 5.0]	5	1000	0.1	1	{'bagging_temperature': 0.0, 'class_weights': [1.0, 5.0], 'depth': 5, 'iterations': 1000, 'l2_leaf_reg': 0.1, 'random_strength': 1}	51	47	3	4	0.7459657294959241	0.008502289077828646	0.5416666666666666	0.7190162017705028	0.7822612085769981	0.575	0.9806795469686875	0.9522330938004221	0.8790393013100437	0.025362318840579712	0.4666666666666667	0.7371135531135531	0.8658908597898543	0.5663789560213728	0.9125827814569536	0.958214410401167	0.5638859556494192	0.3351851851851852	0.7702127659574468	0.6996264642601003	0.8842456346870708	0.5262906309751434	0.8534883720930233	0.9504224214184724	0.7138331573389651	0.8962536023054755	0.5695970695970696	0.847928256282371	0.9274082793800275	0.5908745247148289	0.7936670071501533	0.9570852803058478	0.686046511627907	0.9180327868852459	0.6354609929078014	0.8223830964362437	0.9357528200098088	0.579250720461095	0.7353658536585366	0.9558427967479676	1.6373795007880505	0.10370063649053292	0.08266901274586362	0.33546159951205623	0.07876242186610297	0.04408617819929466	0.05499443907499891	0.022091397813745476	0.0862407704680359	0.002956760748264658
18.55369453430176	0.14007225036621093	0.7389821380486491	0.19112737817093162	0.555121121715902	0.7129969217248258	0.8726783715427274	0.5604938914621236	0.8485093912932754	0.9527468522311958	0.0	[1.0, 5.0]	5	1000	0.1	10	{'bagging_temperature': 0.0, 'class_weights': [1.0, 5.0], 'depth': 5, 'iterations': 1000, 'l2_leaf_reg': 0.1, 'random_strength': 10}	53	51	4	46	0.7266677757444685	0.007902735562310031	0.5416666666666666	0.6614609431546129	0.7530214424951267	0.5436241610738255	0.9713524317121919	0.9433922897731999	0.8729257641921397	0.02413793103448276	0.4666666666666667	0.7520879120879121	0.8533499039656536	0.5422310756972112	0.9013245033112582	0.9513547245760228	0.5712777191129884	0.33714285714285713	0.7531914893617021	0.7040491274205115	0.8965077496566608	0.5593734209196564	0.858139534883721	0.9563695351623172	0.7096092925026399	0.8816901408450705	0.5732600732600732	0.8460830524421546	0.9276044732195409	0.59247889485802	0.7885597548518897	0.9556774189615125	0.6902748414376322	0.9221311475409836	0.6382978723404256	0.8215649922015243	0.9329082883766552	0.5647619047619048	0.723170731707317	0.9569402926829269	1.9467342030625212	0.07346719682062719	0.08021807778435776	0.3340151764338222	0.07520696185647248	0.06527087060211659	0.0661872028665827	0.018224324827198126	0.08634387853075318	0.00507430495716085
17.77222685813904	0.14476604461669923	0.7917601651557311	0.19875034350460816	0.5246144317309002	0.7247160789706649	0.9217830715705615	0.6785789487069243	0.9237802161131613	0.9810886042324626	0.0	[1.0, 5.0]	5	1000	1.0	0	{'bagging_temperature': 0.0, 'class_weights': [1.0, 5.0], 'depth': 5, 'iterations': 1000, 'l2_leaf_reg': 1.0, 'random_strength': 0}	36	25	9	30	0.8010314423556812	0.009212730318257957	0.4583333333333333	0.6642865096598184	0.8541910331384016	0.6699774266365689	0.988674217188541	0.9762143507157623	0.9065502183406113	0.037209302325581395	0.5333333333333333	0.7784615384615384	0.9096147327985539	0.6658878504672897	0.9437086092715232	0.9794631169761415	0.6240760295670539	0.37209302325581395	0.7489361702127659	0.7448691130767392	0.9362370021581322	0.6791713325867861	0.9403100775193799	0.9853190709514754	0.7148891235480465	0.908284023668639	0.5622710622710623	0.8492345144464845	0.9560525799489896	0.7178014766201805	0.8937691521961185	0.9849883361774697	0.6997885835095138	0.9103313840155945	0.6624113475177305	0.8337659280185987	0.9528200098087297	0.660056657223796	0.8524390243902439	0.9794581463414634	0.8030570359363082	0.08181266119074822	0.0797835820226721	0.3362860343982491	0.09162991081901055	0.0701869057036071	0.03758552640848405	0.020576117480263917	0.046630115036172294	0.0035260092740499864
18.072558641433716	0.152244234085083	0.7829638273045507	0.19301525710588674	0.524666439888344	0.7341130507939766	0.9066524634559541	0.6365519079729858	0.9015025271458553	0.9734923900499934	0.0	[1.0, 5.0]	5	1000	1.0	1	{'bagging_temperature': 0.0, 'class_weights': [1.0, 5.0], 'depth': 5, 'iterations': 1000, 'l2_leaf_reg': 1.0, 'random_strength': 1}	39	45	8	8	0.7897188487772417	0.00949367088607595	0.5	0.6813373420188187	0.8265107212475633	0.6309472781825975	0.9806795469686875	0.967784772492078	0.8956331877729258	0.025423728813559324	0.4	0.7885421245421245	0.8909727714382556	0.620096959012781	0.9317880794701987	0.9718927352590143	0.6166842661034847	0.36885245901639346	0.7659574468085106	0.7406735596461869	0.9286835393368649	0.6542465753424658	0.9255813953488372	0.9814092351142593	0.7286166842661035	0.8853333333333333	0.608058608058608	0.8586386597608544	0.9364331959976456	0.6277992277992278	0.8304392236976507	0.9677369634821762	0.6881606765327696	0.8957528957528957	0.6581560283687943	0.8064742061740384	0.950662089259441	0.6496694995278565	0.8390243902439024	0.978638243902439	1.74554813536112	0.10944098019428382	0.07744883255559164	0.3305258521134638	0.10283930291944	0.062274017537566756	0.04467137581162952	0.013145030179587295	0.05782649518907931	0.005611006616598905
19.678986978530883	0.14407925605773925	0.7548694013104749	0.19272960706130599	0.5156270252030688	0.7216174713997668	0.8903434500127719	0.6114974195942946	0.8845726041124294	0.9657671906243488	0.0	[1.0, 5.0]	5	1000	1.0	10	{'bagging_temperature': 0.0, 'class_weights': [1.0, 5.0], 'depth': 5, 'iterations': 1000, 'l2_leaf_reg': 1.0, 'random_strength': 10}	50	46	12	34	0.7414739643986026	0.007087628865979381	0.4583333333333333	0.6677871499359724	0.7653021442495127	0.5567010309278351	0.9713524317121919	0.9490701431891919	0.8951965065502183	0.029288702928870293	0.4666666666666667	0.7679120879120879	0.8832900237261326	0.6032914681680381	0.9225165562913907	0.9659920107605745	0.573389651531151	0.3396584440227704	0.7617021276595745	0.7158827396605307	0.9136747106140867	0.6080084299262382	0.8945736434108527	0.9720185423152734	0.7275607180570222	0.8913043478260869	0.6007326007326007	0.852436217149434	0.9465371787325878	0.6752827140549273	0.8539325842696629	0.9758943788079235	0.7093023255813954	0.9215686274509803	0.6666666666666666	0.8263794473382184	0.94291319274154	0.6142034548944337	0.7804878048780488	0.9658608780487806	1.9970619169970565	0.07759927559644551	0.08475607895471506	0.335420134212747	0.09981794420666826	0.06628220181995592	0.06655935650021494	0.03783659951706761	0.06456463276419816	0.009170496747158132
20.215395784378053	0.13440089225769042	0.8431918140202854	0.20802472342379025	0.422666401007663	0.7199543887747414	0.9681459538495186	0.8404477528861886	0.9827194298931273	0.9969868118309219	0.0	[1.0, 5.0]	5	1000	10.0	0	{'bagging_temperature': 0.0, 'class_weights': [1.0, 5.0], 'depth': 5, 'iterations': 1000, 'l2_leaf_reg': 10.0, 'random_strength': 0}	4	4	47	38	0.8787223423723174	0.011095700416088766	0.3333333333333333	0.631013028227827	0.9393762183235868	0.8287292817679558	0.9993337774816788	0.9959682430873218	0.9358078602620087	0.041666666666666664	0.4	0.8237069597069597	0.9630550220314089	0.8277008310249307	0.9894039735099338	0.9962338440276015	0.6821541710665259	0.4187192118226601	0.723404255319149	0.7634622280659814	0.9704728271532274	0.8217306441119063	0.9790697674418605	0.9967640621408722	0.7106652587117213	0.922360248447205	0.5439560439560439	0.866722844902396	0.9830292328820875	0.8677007299270073	0.9713993871297242	0.9979120399801141	0.6871035940803383	0.9360341151385928	0.6226950354609929	0.8434654659957035	0.984796468857283	0.8563772775991425	0.974390243902439	0.9980558699186992	2.372941562512858	0.06572779699277101	0.0906104350983917	0.3446197997763561	0.12941035599721668	0.0988328195915315	0.01647896388226707	0.01814723812772723	0.0103107556716192	0.0008547505537632871
19.97419390678406	0.1397148609161377	0.8385243694461898	0.20637274854297064	0.38323274233788784	0.7175108395625712	0.9583051891538092	0.8016646149510127	0.9730727048509689	0.9945214611930655	0.0	[1.0, 5.0]	5	1000	10.0	1	{'bagging_temperature': 0.0, 'class_weights': [1.0, 5.0], 'depth': 5, 'iterations': 1000, 'l2_leaf_reg': 10.0, 'random_strength': 1}	5	7	54	42	0.8674097487938779	0.007643312101910828	0.25	0.6305954568231168	0.9222222222222223	0.7912262156448203	0.9973351099267155	0.9932982126914931	0.9336244541484716	0.040268456375838924	0.4	0.8093479853479854	0.9483674161111739	0.7755102040816326	0.9814569536423841	0.9932395932849252	0.6715945089757128	0.411214953271028	0.7489361702127659	0.7591949557733684	0.96291936433196	0.7857142857142857	0.9720930232558139	0.994694876268483	0.7159450897571278	0.9287925696594427	0.5494505494505495	0.8704908972988773	0.9827349421228173	0.8666666666666667	0.9693564862104188	0.9972395342895322	0.7145877378435518	0.9429735234215886	0.6567375886524822	0.8525999823430741	0.975282000980873	0.7892057026476579	0.9451219512195121	0.9941350894308942	1.4464990383943939	0.0983187040689036	0.08520109485791974	0.34782013139449264	0.17234663901085784	0.09744719584360871	0.021480481457108368	0.032948194529555316	0.017058573289900947	0.0014633386153068205
19.79689598083496	0.15683302879333497	0.8359213715106364	0.2035138553568963	0.40701279906128973	0.7340196336697493	0.9503567007041841	0.7701499694337459	0.9627135078119501	0.9925211631307512	0.0	[1.0, 5.0]	5	1000	10.0	10	{'bagging_temperature': 0.0, 'class_weights': [1.0, 5.0], 'depth': 5, 'iterations': 1000, 'l2_leaf_reg': 10.0, 'random_strength': 10}	8	12	51	9	0.8662452171019797	0.008816120906801008	0.2916666666666667	0.6696314236401092	0.9142300194931774	0.7744438696326953	0.9973351099267155	0.9923970039997216	0.9235807860262009	0.03488372093023256	0.4	0.784058608058608	0.9344706812789515	0.7325	0.9701986754966887	0.9893713616078073	0.6557550158394931	0.394919168591224	0.7276595744680852	0.7688530958642121	0.9568373553070434	0.7582017010935601	0.9674418604651163	0.9930145932147907	0.7243928194297783	0.9178885630498533	0.5732600732600732	0.8661930338987696	0.972336668628605	0.801210025929127	0.9468845760980592	0.9942164178070462	0.7230443974630021	0.9421157684630739	0.6695035460992907	0.8548365262941056	0.9739087788131437	0.784394250513347	0.9317073170731708	0.9936064390243902	2.039693751751222	0.1339269029347392	0.08350985920472	0.3451266002025082	0.1553309062293148	0.07469295097678001	0.022966588626921684	0.02343649097702372	0.022311339405813674	0.0016871188787045833
17.668672180175783	0.15074677467346193	0.7920294408042367	0.19580423010974235	0.532915703192828	0.7219932929999163	0.9134612808916194	0.6531978327358701	0.8986467490762022	0.9743109649919577	0.5	[1.0, 5.0]	4	1000	0.1	0	{'bagging_temperature': 0.5, 'class_weights': [1.0, 5.0], 'depth': 4, 'iterations': 1000, 'l2_leaf_reg': 0.1, 'random_strength': 0}	35	39	6	33	0.8040259524205623	0.010186757215619695	0.5	0.6711625187907133	0.8432748538011696	0.6544085068675233	0.9840106595602931	0.9726089651998329	0.914410480349345	0.035897435897435895	0.4666666666666667	0.7683516483516484	0.9037396904304599	0.6530232558139535	0.9298013245033112	0.9768948507475477	0.600844772967265	0.35496957403651114	0.7446808510638298	0.7159066459478844	0.9258387286639199	0.6460612691466083	0.9155038759689923	0.9775617351664961	0.7138331573389651	0.8895184135977338	0.575091575091575	0.8529660281530607	0.9496762801648029	0.6916118421052632	0.8590398365679265	0.9754320380735544	0.6892177589852009	0.9085487077534792	0.64822695035461	0.8077396191989641	0.944776851397744	0.6208842897460018	0.8048780487804879	0.9690572357723578	2.051896816741901	0.10109751428992453	0.08763774841196115	0.3317226666422079	0.08110965817023957	0.06262060242873223	0.038642039828803806	0.022681392925515746	0.06148665576179053	0.0031304712483957047
19.026786613464356	0.14207992553710938	0.776680728839422	0.18988760710924402	0.4214602459272329	0.7160776102661277	0.9002414149333158	0.6184591978817687	0.8777681340965033	0.9669558321204738	0.5	[1.0, 5.0]	4	1000	0.1	1	{'bagging_temperature': 0.5, 'class_weights': [1.0, 5.0], 'depth': 4, 'iterations': 1000, 'l2_leaf_reg': 0.1, 'random_strength': 1}	45	54	48	43	0.7875561470637166	0.0055248618784530384	0.2916666666666667	0.6599368075274205	0.8253411306042885	0.629328772979906	0.9806795469686875	0.9661540051649227	0.8930131004366813	0.028688524590163935	0.4666666666666667	0.769054945054945	0.8873573607501977	0.6137472283813747	0.9165562913907285	0.9670314418430099	0.5670538542766631	0.3326959847036329	0.7404255319148936	0.7003257231651925	0.9032764371198745	0.5781893004115226	0.8713178294573644	0.959743247525718	0.7159450897571278	0.8879551820728291	0.5805860805860806	0.8567523498944944	0.9417304296645085	0.6546184738955824	0.832482124616956	0.9721320270443282	0.6966173361522199	0.9098039215686274	0.6581560283687943	0.8195050175097849	0.9435017165277096	0.6164122137404581	0.7878048780487805	0.9697184390243904	2.2404122456587943	0.08326349713235769	0.08624748347638134	0.3329299810364288	0.1583248353169905	0.06992091158182405	0.04330832446964117	0.024793944210507367	0.06675491977204105	0.0041736078068884755
18.683854579925537	0.1322178363800049	0.7559465039044969	0.191552935026706	0.46825046732542913	0.7270241295908375	0.8793758184336632	0.5782052934085381	0.8673157832885916	0.9569400932148129	0.5	[1.0, 5.0]	4	1000	0.1	10	{'bagging_temperature': 0.5, 'class_weights': [1.0, 5.0], 'depth': 4, 'iterations': 1000, 'l2_leaf_reg': 0.1, 'random_strength': 10}	49	50	30	26	0.7544501746797538	0.006122448979591836	0.375	0.6874965202382942	0.7697855750487329	0.5617760617760618	0.9693537641572285	0.9484621164653894	0.8768558951965065	0.02491103202846975	0.4666666666666667	0.7420366300366301	0.8522200881256355	0.5401430842607313	0.9	0.9472992112700959	0.5564941921858501	0.3290203327171904	0.7574468085106383	0.7102946449916329	0.9000392387679027	0.5679879578524837	0.8775193798449612	0.9610469904650467	0.7265047518479408	0.9042253521126761	0.5879120879120879	0.8532309336548738	0.934569354522268	0.6216848673946958	0.8140960163432074	0.9632005706377608	0.7019027484143763	0.9221556886227545	0.6553191489361702	0.8322533180306642	0.9402648357037764	0.5994344957587182	0.775609756097561	0.9646915772357723	1.1583651260334817	0.06605329701498074	0.08191006808429589	0.3381752184062331	0.12645071223521734	0.056632708728005354	0.06313197434537322	0.02885895961240672	0.06756694452371638	0.007496244146906414
18.01654715538025	0.13075571060180663	0.8150076294767077	0.2016800748233005	0.49014845074931734	0.733037914141966	0.9309525692589116	0.6980412199801661	0.9171198842616082	0.9824613897166288	0.5	[1.0, 5.0]	4	1000	1.0	0	{'bagging_temperature': 0.5, 'class_weights': [1.0, 5.0], 'depth': 4, 'iterations': 1000, 'l2_leaf_reg': 1.0, 'random_strength': 0}	20	15	25	12	0.836133754782898	0.010193679918450561	0.4166666666666667	0.6734382829463839	0.8830409356725146	0.7166907166907167	0.9926715522984677	0.9845517702995467	0.9200873362445415	0.038461538461538464	0.4666666666666667	0.779897435897436	0.9239633939667834	0.7042459736456809	0.9556291390728476	0.9850508935119906	0.6356916578669483	0.38396624472573837	0.774468085106383	0.7584180014343772	0.9439866588189131	0.7093768200349446	0.9441860465116279	0.9865293971179226	0.7085533262935586	0.9066265060240963	0.5512820512820513	0.8681158824550345	0.9540906415538553	0.7092547092547092	0.8845760980592441	0.9846823998488055	0.7124735729386892	0.925343811394892	0.6680851063829787	0.8376798799329037	0.9496812162824915	0.6506378802747792	0.8085365853658537	0.971492487804878	1.592580560975467	0.07573680422840964	0.08425869690667712	0.33881000610841894	0.1135958901554622	0.0700236890178473	0.026078317828032098	0.024031718545052313	0.0644562257779388	0.00552944120615198
18.64233546257019	0.1532069206237793	0.800736020105915	0.19730726019706474	0.49338751438079775	0.7317787969192024	0.9173921732447278	0.6657630562185475	0.906023729485576	0.9777296678086292	0.5	[1.0, 5.0]	4	1000	1.0	1	{'bagging_temperature': 0.5, 'class_weights': [1.0, 5.0], 'depth': 4, 'iterations': 1000, 'l2_leaf_reg': 1.0, 'random_strength': 1}	29	33	18	16	0.8180003327233405	0.009174311926605505	0.4166666666666667	0.6728258448861422	0.8518518518518519	0.6672686230248307	0.9846768820786143	0.9760821709931967	0.8982532751091703	0.03017241379310345	0.4666666666666667	0.7938461538461539	0.8992204270703875	0.640582347588717	0.9324503311258279	0.9742539632707888	0.617740232312566	0.36960985626283366	0.7659574468085106	0.7439487210136266	0.9379046497939965	0.6869664200341491	0.9356589147286821	0.9840452770986996	0.7328405491024287	0.9035812672176309	0.6007326007326007	0.8613059841239392	0.9462428879733177	0.6722621902478018	0.8590398365679265	0.9785672203633882	0.7061310782241015	0.9178082191780822	0.6652482269503546	0.8142785674347429	0.9517410495340853	0.6617357001972387	0.8182926829268292	0.9756997073170732	2.0428903849669355	0.09804578374211693	0.07819060803397553	0.33740450472915384	0.11456474220195217	0.06843674859984365	0.03757317347305782	0.01512862052705366	0.05944266248320257	0.0034497513642379866
19.18375644683838	0.15478124618530273	0.7969661610268378	0.1973948940426395	0.5162079604997464	0.7186050024130589	0.9101320184112804	0.6420918796513657	0.8955308655056312	0.9736363394403427	0.5	[1.0, 5.0]	4	1000	1.0	10	{'bagging_temperature': 0.5, 'class_weights': [1.0, 5.0], 'depth': 4, 'iterations': 1000, 'l2_leaf_reg': 1.0, 'random_strength': 10}	32	31	11	40	0.8111795042422226	0.009708737864077669	0.4583333333333333	0.6615722955292023	0.8446393762183236	0.6564444444444445	0.9840106595602931	0.9739265400176864	0.8982532751091703	0.03017241379310345	0.4666666666666667	0.7561611721611721	0.8906338266862501	0.6211985688729875	0.9198675496688742	0.9680940575972201	0.5955649419218585	0.35258964143426297	0.7531914893617021	0.723813650490079	0.9262311163429469	0.6460369163952225	0.9224806201550387	0.9788455410685555	0.7296726504751848	0.9050279329608939	0.5934065934065934	0.8629182538160094	0.9431037865411026	0.6564705882352941	0.8549540347293156	0.9758667780304462	0.7304439746300211	0.9310344827586207	0.6893617021276596	0.8404049321679763	0.9460519862677783	0.6303088803088803	0.7963414634146342	0.971448780487805	1.7971031745516008	0.09299243901810521	0.08016393367569885	0.3392146643803433	0.10068685839495349	0.07125407829552843	0.038225719615443965	0.014168106439311835	0.06423745653541915	0.003679596621428011
19.0356388092041	0.14690032005310058	0.8332286150255812	0.2035311078611828	0.45373756338493637	0.7123182308826965	0.9480623757232356	0.7645216704120933	0.9611293084552978	0.9912817623547407	0.5	[1.0, 5.0]	4	1000	10.0	0	{'bagging_temperature': 0.5, 'class_weights': [1.0, 5.0], 'depth': 4, 'iterations': 1000, 'l2_leaf_reg': 10.0, 'random_strength': 0}	11	11	40	47	0.8612543669938446	0.010869565217391304	0.375	0.6250835142809421	0.9046783625730994	0.7565922920892495	0.9940039973351099	0.9900093241779293	0.9240174672489083	0.03508771929824561	0.4	0.8041611721611722	0.9362783866229805	0.7401015228426396	0.9655629139072848	0.989007443452405	0.6536430834213305	0.3940774487471526	0.7361702127659574	0.755316160650251	0.9532077692760448	0.7435590173756741	0.962015503875969	0.9907569196319744	0.7265047518479408	0.9019607843137255	0.5897435897435898	0.8681889598348452	0.972336668628605	0.8027801911381407	0.9438202247191011	0.9935332708528585	0.7219873150105708	0.9455645161290323	0.6652482269503546	0.8452135016626938	0.9738106915154487	0.7795753286147624	0.9402439024390243	0.9931018536585366	1.7156881618998585	0.09090647357734385	0.08293558157190745	0.34229017562996217	0.12684592067874823	0.09778344986783509	0.02568940300252465	0.023617698887292808	0.01916763904513652	0.0017577888461484516
17.74674506187439	0.14155755043029786	0.82488106992191	0.20100343072735063	0.4321467366415393	0.7031208206581001	0.9416638414894637	0.7459518956942104	0.9499056629601605	0.9886175336808476	0.5	[1.0, 5.0]	4	1000	10.0	1	{'bagging_temperature': 0.5, 'class_weights': [1.0, 5.0], 'depth': 4, 'iterations': 1000, 'l2_leaf_reg': 10.0, 'random_strength': 1}	16	19	43	54	0.8526035601397438	0.009111617312072893	0.3333333333333333	0.6154584934023719	0.8935672514619883	0.736035590706871	0.9920053297801465	0.9865254705735811	0.9192139737991266	0.03296703296703297	0.4	0.7887472527472529	0.9252061913908033	0.7066276803118908	0.9602649006622517	0.9847837736165652	0.6378035902851109	0.38461538461538464	0.7659574468085106	0.7516525221133158	0.9484991171277222	0.7270029673590505	0.9496124031007752	0.9891192095530622	0.7254487856388595	0.9205882352941176	0.5732600732600732	0.8709065248965498	0.9705709240729841	0.793939393939394	0.9366700715015321	0.9924828894577777	0.7071881606765328	0.9229249011857708	0.6624113475177305	0.8363144109943792	0.9704757233938205	0.7661538461538462	0.9109756097560976	0.990176325203252	1.3072292736644582	0.10621451966516827	0.0850598883726759	0.34176602396358885	0.14542000320396786	0.0987561424219316	0.029314164407170187	0.030707353175723536	0.026722693266952986	0.0027091300909554547
19.06555047035217	0.14095869064331054	0.8092630823085899	0.197525528935544	0.4545066894323617	0.7243045428174005	0.9291292823690579	0.7043563128557262	0.9303726042173048	0.9834998659656791	0.5	[1.0, 5.0]	4	1000	10.0	10	{'bagging_temperature': 0.5, 'class_weights': [1.0, 5.0], 'depth': 4, 'iterations': 1000, 'l2_leaf_reg': 10.0, 'random_strength': 10}	24	29	39	31	0.8306438196639494	0.008893280632411068	0.375	0.6642865096598185	0.8678362573099415	0.6918414918414918	0.988674217188541	0.9806792715942656	0.9117903930131004	0.03015075376884422	0.4	0.7651282051282051	0.9158287199186532	0.6822296331586469	0.9483443708609272	0.9801179711878582	0.6156282998944034	0.3675564681724846	0.7617021276595745	0.7456819268467608	0.9405532666274279	0.696551724137931	0.9395348837209302	0.9852296589983075	0.7191129883843717	0.9046242774566474	0.5732600732600732	0.8698606048980114	0.9601726505787719	0.7405541561712846	0.9009193054136875	0.9866390621943061	0.7093023255813954	0.9232283464566929	0.6652482269503546	0.8397339689826666	0.9612555174104953	0.7106045589692765	0.874390243902439	0.9848333658536585	1.6138263267756128	0.0867661065175351	0.08446098651833954	0.33857282863384475	0.1304322716240777	0.07250624381952596	0.034813885122093546	0.020280269942397774	0.03951589886079225	0.002608368215766285
18.89842610359192	0.15564699172973634	0.7945426801902882	0.20009378465996885	0.4907923940153944	0.7311674449722273	0.9197303040427419	0.6740705189910778	0.9246253247997652	0.9806882777124937	0.5	[1.0, 5.0]	5	1000	0.1	0	{'bagging_temperature': 0.5, 'class_weights': [1.0, 5.0], 'depth': 5, 'iterations': 1000, 'l2_leaf_reg': 0.1, 'random_strength': 0}	33	22	22	20	0.7995341873232408	0.00832639467110741	0.4166666666666667	0.6627345359389789	0.8467836257309942	0.6589595375722543	0.9873417721518988	0.9769712632103995	0.9104803493449781	0.03431372549019608	0.4666666666666667	0.8121611721611722	0.9154897751666479	0.6793785310734464	0.9556291390728476	0.9810568150756298	0.6378035902851109	0.38311688311688313	0.7531914893617021	0.752447406167822	0.9292721208554051	0.6552100381887616	0.9310077519379845	0.9817314489785968	0.737064413938754	0.9024390243902439	0.6098901098901099	0.8551674842198532	0.9456543064547773	0.6656274356975838	0.8723186925434117	0.978247649915729	0.6966173361522199	0.9336099585062241	0.6382978723404256	0.8245019275477472	0.9614516920058852	0.7111770524233432	0.8768292682926829	0.9854342113821137	1.6629358523002042	0.10904978578326867	0.07719860719583453	0.3405206706761054	0.10949885436541384	0.07720262130055187	0.03960549038853919	0.020299827421245944	0.044622351887270616	0.0029502804383991213
20.327560472488404	0.15143632888793945	0.779463243873979	0.196206706440653	0.44418305242880746	0.7118231088621151	0.9011119062232641	0.623847933076357	0.8897234439518631	0.9700387972082171	0.5	[1.0, 5.0]	5	1000	0.1	1	{'bagging_temperature': 0.5, 'class_weights': [1.0, 5.0], 'depth': 5, 'iterations': 1000, 'l2_leaf_reg': 0.1, 'random_strength': 1}	42	37	41	48	0.7843952753285643	0.006211180124223602	0.3333333333333333	0.6462683035465732	0.817738791423002	0.6193086003372681	0.9786808794137242	0.966482251475961	0.8965065502183406	0.029661016949152543	0.4666666666666667	0.7694358974358975	0.8857756185741724	0.6093818500657606	0.9205298013245033	0.9679250891527309	0.590285110876452	0.34911242603550297	0.7531914893617021	0.7277701410470954	0.9188738473611928	0.6221635883905013	0.913953488372093	0.9751454358985073	0.7180570221752904	0.8929577464788733	0.5805860805860806	0.8447219862431833	0.9311359623307828	0.6046863189720333	0.8171603677221655	0.9647969818716098	0.7156448202959831	0.9560669456066946	0.64822695035461	0.839898766958006	0.9520353114271701	0.6636993076162215	0.8182926829268292	0.9758442276422764	3.1034842234471047	0.10816201276928164	0.08085384725732273	0.3427199280252543	0.14130374880524696	0.07691973702614459	0.04689648533962699	0.020918936991185667	0.06295602542038486	0.0045688989603715055
18.637989807128907	0.15181512832641603	0.7618705681716184	0.1922538282191344	0.49075175467960785	0.7192105039864652	0.8876840508400262	0.5870886183271977	0.8718381921012688	0.9623157251566795	0.5	[1.0, 5.0]	5	1000	0.1	10	{'bagging_temperature': 0.5, 'class_weights': [1.0, 5.0], 'depth': 5, 'iterations': 1000, 'l2_leaf_reg': 0.1, 'random_strength': 10}	47	49	23	39	0.7562801530527367	0.006844626967830253	0.4166666666666667	0.661453983631201	0.7869395711500975	0.5806324110671937	0.9786808794137242	0.9555827482697767	0.8934497816593886	0.02880658436213992	0.4666666666666667	0.7726886446886447	0.8779798892780477	0.5914893617021276	0.9205298013245033	0.9648040895235054	0.587117212249208	0.34765625	0.7574468085106383	0.7169286397322495	0.907985089268197	0.5905349794238683	0.889922480620155	0.9680858964179501	0.723336853220697	0.8879781420765027	0.5952380952380952	0.852404245795767	0.9326074161271336	0.6099397590361446	0.8273748723186926	0.9684924931981819	0.6923890063424947	0.914	0.64822695035461	0.8256967128689563	0.9329082883766552	0.5628465804066544	0.7426829268292683	0.9546133983739837	1.696821086399534	0.09946695713640392	0.08189927503661805	0.33386642331071165	0.11027258581660727	0.06970582555352309	0.05425696915671909	0.015380361461850728	0.08095843808485693	0.006038180399292586
19.855466890335084	0.14476609230041504	0.8299075486940131	0.20258079048827232	0.48747161799477673	0.720180990107283	0.9436359015985136	0.738742184478175	0.9406122185400523	0.9884268423318655	0.5	[1.0, 5.0]	5	1000	1.0	0	{'bagging_temperature': 0.5, 'class_weights': [1.0, 5.0], 'depth': 5, 'iterations': 1000, 'l2_leaf_reg': 1.0, 'random_strength': 0}	14	14	26	37	0.864581600399268	0.012345679012345678	0.4166666666666667	0.6414035966816992	0.9233918128654971	0.7937433722163308	0.9973351099267155	0.9933251993848502	0.9157205240174673	0.036458333333333336	0.4666666666666667	0.809054945054945	0.9240763755507853	0.70458984375	0.9556291390728476	0.9853002414994799	0.6378035902851109	0.381057268722467	0.7361702127659574	0.7356293330145828	0.941926623504022	0.7015011547344111	0.9418604651162791	0.9873940028695402	0.7212249208025343	0.9075144508670521	0.575091575091575	0.8683396819307042	0.9599764567392584	0.7393126571668064	0.9009193054136875	0.9866488166859447	0.7029598308668076	0.9291497975708503	0.6510638297872341	0.8418233718842882	0.9688082393330064	0.7545638945233266	0.9073170731707317	0.9894659512195123	1.2579329525154654	0.1095614209163652	0.0875878252518749	0.339072999341896	0.10476781497102855	0.09008005635136694	0.01841727530756604	0.03414398709593963	0.03501041698320051	0.002795618515336962
20.547727823257446	0.1459902286529541	0.8308948927385333	0.20273561407589924	0.5111625975249794	0.75267218352699	0.9404484272126037	0.7227077988931955	0.9314354977629276	0.9869515452338469	0.5	[1.0, 5.0]	5	1000	1.0	1	{'bagging_temperature': 0.5, 'class_weights': [1.0, 5.0], 'depth': 5, 'iterations': 1000, 'l2_leaf_reg': 1.0, 'random_strength': 1}	13	13	17	1	0.8655797704208951	0.013647642679900745	0.4583333333333333	0.6907744557652693	0.9194931773879143	0.7860147213459516	0.9960026648900733	0.9927595803220375	0.9135371179039301	0.03553299492385787	0.4666666666666667	0.8363076923076923	0.9220427070387527	0.6976856316297011	0.9582781456953643	0.9842854384925093	0.648363252375924	0.38963963963963966	0.7361702127659574	0.7619680851063829	0.948204826368452	0.7243816254416962	0.9534883720930233	0.9897752164343873	0.7286166842661035	0.9093484419263456	0.5879120879120879	0.8626624829866725	0.9520306062389641	0.6975806451612904	0.8835546475995915	0.9837655884812755	0.6955602536997886	0.9145129224652088	0.6524822695035462	0.8241075895353285	0.9604708190289357	0.707876370887338	0.8658536585365854	0.9841719024390244	1.9216162225866735	0.10351335516107274	0.08561166590347936	0.3368477427712162	0.09172104141031617	0.07052599716781781	0.016571649303816924	0.033130113466982754	0.048927148974249775	0.0036521569048080047
19.75193214416504	0.15089788436889648	0.7922987164527421	0.1974089585886005	0.43201696834626385	0.7065506959902043	0.9084180858881122	0.641668470297472	0.8947207874212726	0.97470934677968	0.5	[1.0, 5.0]	5	1000	1.0	10	{'bagging_temperature': 0.5, 'class_weights': [1.0, 5.0], 'depth': 5, 'iterations': 1000, 'l2_leaf_reg': 1.0, 'random_strength': 10}	34	30	44	52	0.806687739144901	0.006932409012131715	0.3333333333333333	0.6346528589722178	0.8405458089668616	0.6502419709634844	0.9846768820786143	0.977211022540498	0.8956331877729258	0.025423728813559324	0.4	0.7593260073260074	0.878996723534064	0.5932851678708032	0.9245033112582781	0.9664471339866539	0.5913410770855333	0.3509803921568627	0.7617021276595745	0.7365019125029884	0.9316264469295664	0.6640841173215274	0.9302325581395349	0.9817582638584174	0.7360084477296727	0.9228571428571428	0.5915750915750916	0.868010833721557	0.9441828526584265	0.6637380191693291	0.8488253319713994	0.9764166874965706	0.7082452431289641	0.9440993788819876	0.6468085106382979	0.8440304876254379	0.946738597351643	0.6369930761622157	0.7853658536585366	0.9717136260162601	1.4240381342662087	0.10791741768473209	0.08129248828076063	0.34602886424957924	0.14417154201088062	0.08519745118806063	0.041853245275450736	0.026175692528049486	0.06972098381527976	0.00521726229067239
21.00025372505188	0.13884286880493163	0.8455255363073333	0.21182402872020775	0.46116037017542294	0.7251369346270797	0.9667169930984689	0.841670189438106	0.9813375963141219	0.9965713011555242	0.5	[1.0, 5.0]	5	1000	10.0	0	{'bagging_temperature': 0.5, 'class_weights': [1.0, 5.0], 'depth': 5, 'iterations': 1000, 'l2_leaf_reg': 10.0, 'random_strength': 0}	3	1	36	29	0.8803859590750291	0.012622720897615708	0.375	0.6432409108624241	0.9325536062378168	0.8133478024959305	0.9986675549633578	0.9950035146955396	0.9366812227074236	0.04861111111111111	0.4666666666666667	0.8029890109890111	0.9576319059993221	0.8092643051771117	0.9834437086092715	0.994862249670949	0.6800422386483632	0.4178743961352657	0.7361702127659574	0.7780689696390151	0.9717480871100648	0.8300395256916996	0.9767441860465116	0.9969359211433586	0.7191129883843717	0.9347826086956522	0.5512820512820513	0.8807902405159265	0.985677849715519	0.8881640260950606	0.9734422880490297	0.9982095519750905	0.6955602536997886	0.9426751592356688	0.6297872340425532	0.8482504929225155	0.9859735164296224	0.8675352877307275	0.974390243902439	0.9978452682926829	2.819932713746876	0.11209617115261652	0.08921510954753714	0.34680887800931104	0.1163833307992497	0.09191865391657703	0.020026559818394997	0.031042717125895385	0.009343063649612416	0.001401329162683638
20.792478561401367	0.1567470073699951	0.8460640876043443	0.2099935005533059	0.3917915350027808	0.7183924427138295	0.9651579260823769	0.8311556201525349	0.9758977508736917	0.9960548373867903	0.5	[1.0, 5.0]	5	1000	10.0	1	{'bagging_temperature': 0.5, 'class_weights': [1.0, 5.0], 'depth': 5, 'iterations': 1000, 'l2_leaf_reg': 10.0, 'random_strength': 1}	2	3	52	41	0.8773914490101481	0.009628610729023384	0.2916666666666667	0.6369355826513	0.9337231968810916	0.8166939443535188	0.9973351099267155	0.995079701618963	0.9366812227074236	0.03571428571428571	0.3333333333333333	0.7864615384615385	0.9580838323353293	0.8103542234332425	0.9847682119205298	0.9949493951687476	0.6948257655755016	0.43478260869565216	0.7659574468085106	0.7804297155151807	0.9686089856778497	0.8137128072445019	0.9751937984496124	0.996126338132152	0.7180570221752904	0.9240121580547113	0.5567765567765568	0.8735692819233967	0.9840102020796547	0.87847866419295	0.9673135852911133	0.9976364755913245	0.7071881606765328	0.9652173913043478	0.6297872340425532	0.8537594538124246	0.9813634134379597	0.8365384615384616	0.9548780487804878	0.9964822764227643	1.6036600634856866	0.1059790641127795	0.08480596254654557	0.3520861797110067	0.15853957519094325	0.09199041813029389	0.018265382259022956	0.025355612290658597	0.014520721512399198	0.0009861326644251542
19.10841484069824	0.1403097152709961	0.8351135445651199	0.2076880071940638	0.4209292762930658	0.7203043563733355	0.9532256625931161	0.7847393572814076	0.9636784256183997	0.9931706606174304	0.5	[1.0, 5.0]	5	1000	10.0	10	{'bagging_temperature': 0.5, 'class_weights': [1.0, 5.0], 'depth': 5, 'iterations': 1000, 'l2_leaf_reg': 10.0, 'random_strength': 10}	10	5	49	36	0.861587090334387	0.00851581508515815	0.2916666666666667	0.6316185067646567	0.9118908382066276	0.7710594315245478	0.9940039973351099	0.9912611763003961	0.9314410480349345	0.04487179487179487	0.4666666666666667	0.8138021978021979	0.9427183369110835	0.7586384734399175	0.9741721854304636	0.9915920381852447	0.6631467793030623	0.4036697247706422	0.7489361702127659	0.7692893856084151	0.9603688444182853	0.775840597758406	0.9658914728682171	0.9935684771934223	0.7328405491024287	0.9246376811594202	0.5842490842490843	0.8795296557141943	0.977241514616441	0.8325912733748887	0.9550561797752809	0.9956667333593082	0.7082452431289641	0.9534883720930233	0.6397163120567376	0.8490627115152586	0.9739087788131437	0.7855670103092783	0.9292682926829269	0.9937648780487806	1.3560220733417103	0.06957169064771321	0.08399348853541609	0.3479057751815988	0.1578670638820941	0.09903096095698405	0.023977277124873794	0.02544828210477267	0.021415215362375586	0.0016049866452403693
18.077972602844238	0.15666208267211915	0.7879903060766538	0.19629934186635908	0.5126992700484423	0.7331160337477562	0.9088986309417242	0.6448630644326714	0.8937808275779267	0.9727503912004687	1.0	[1.0, 5.0]	4	1000	0.1	0	{'bagging_temperature': 1.0, 'class_weights': [1.0, 5.0], 'depth': 4, 'iterations': 1000, 'l2_leaf_reg': 0.1, 'random_strength': 0}	37	35	16	11	0.7980369322908002	0.009075907590759076	0.4583333333333333	0.6834669561828407	0.8362573099415205	0.6435084672166739	0.9873417721518988	0.9729526324785037	0.9	0.03070175438596491	0.4666666666666667	0.7745641025641027	0.8962829058863405	0.6335740072202166	0.9298013245033112	0.9733085338536803	0.5923970432946146	0.3486973947895792	0.7404255319148936	0.7192475496055462	0.9140670982931136	0.6104589114194237	0.8868217054263566	0.9713083833065184	0.7296726504751848	0.8983516483516484	0.5989010989010989	0.8599860239511112	0.9461447910535609	0.671451355661882	0.8600612870275791	0.9755025364449423	0.7071881606765328	0.9314516129032258	0.6553191489361702	0.8351372825990995	0.9517410495340853	0.6653225806451613	0.8048780487804879	0.9706798699186993	2.2653373636978906	0.11179168190514688	0.08202823920370866	0.3380956295056408	0.09379292618257316	0.0628602867820894	0.04167824459837462	0.02208371583344198	0.061871265418251886	0.0016907497358881632
17.978358364105226	0.14554123878479003	0.777219280136433	0.19762374156631596	0.5151046179930767	0.7277494730687551	0.9038668130345723	0.6390670712075692	0.8949947813725683	0.9718158698249256	1.0	[1.0, 5.0]	4	1000	0.1	1	{'bagging_temperature': 1.0, 'class_weights': [1.0, 5.0], 'depth': 4, 'iterations': 1000, 'l2_leaf_reg': 0.1, 'random_strength': 1}	44	28	13	25	0.7745799367825653	0.008130081300813009	0.4583333333333333	0.671600968765659	0.8074074074074075	0.6056860321384425	0.9793471019320453	0.9628502464325702	0.896943231441048	0.029787234042553193	0.4666666666666667	0.7651575091575092	0.887809287086205	0.6150422785936804	0.9152317880794701	0.967972992112701	0.6187961985216474	0.37037037037037035	0.7659574468085106	0.7497161128376764	0.9291740239356484	0.6581291759465479	0.9162790697674419	0.9793215051853708	0.7286166842661035	0.9116809116809117	0.5860805860805861	0.8597850611566322	0.9474200510103983	0.6790622473726758	0.8580183861082737	0.977014150109433	0.7114164904862579	0.9202334630350194	0.6709219858156028	0.8398045966863834	0.9475232957332026	0.6374156219864995	0.8060975609756098	0.971920455284553	1.5973380213981612	0.10754132712138503	0.07517876186643294	0.339674011508942	0.10029880238575711	0.06765849077276134	0.05292539847165006	0.027045109234619127	0.0587330247096927	0.005975244432210135
18.243969249725343	0.15736279487609864	0.7617808096221165	0.1932724602899478	0.5268660902826062	0.7313887065655591	0.8884158012691067	0.5983786505075827	0.8760249584084014	0.9632399772407358	1.0	[1.0, 5.0]	4	1000	0.1	10	{'bagging_temperature': 1.0, 'class_weights': [1.0, 5.0], 'depth': 4, 'iterations': 1000, 'l2_leaf_reg': 0.1, 'random_strength': 10}	48	44	7	19	0.7527865579770421	0.008075370121130552	0.5	0.691804465230221	0.7744639376218324	0.56734534064213	0.9653564290473018	0.9478849316768521	0.8882096069868995	0.023715415019762844	0.4	0.742124542124542	0.8768500734380296	0.5892098555649957	0.9185430463576159	0.9629091711164096	0.5860612460401268	0.34757281553398056	0.7617021276595745	0.7235327516136745	0.9163233274475181	0.6164091635588705	0.8968992248062015	0.9720016524234383	0.7560718057022175	0.9090909090909091	0.6410256410256411	0.8651471139002311	0.932803609966647	0.6108597285067874	0.8273748723186926	0.9693457895235651	0.6945031712473573	0.9094488188976378	0.6553191489361702	0.8308878490921396	0.9416380578715057	0.6080691642651297	0.7719512195121951	0.9640583414634146	2.3529408608029763	0.10476829563973024	0.07962965853592203	0.33696360251905916	0.10437525241698746	0.05688377282076271	0.061156372464640674	0.01801064067547021	0.06844239687705857	0.008373821978071086
18.23773217201233	0.14896779060363768	0.8071088771205457	0.20052388699782397	0.5141759384464115	0.7301376221248554	0.9260490678034043	0.6948224317162952	0.9223716163904909	0.9818238455404176	1.0	[1.0, 5.0]	4	1000	1.0	0	{'bagging_temperature': 1.0, 'class_weights': [1.0, 5.0], 'depth': 4, 'iterations': 1000, 'l2_leaf_reg': 1.0, 'random_strength': 0}	26	21	14	24	0.8238229911828314	0.010406811731315043	0.4583333333333333	0.6787205612159679	0.8635477582846004	0.6849884526558891	0.9880079946702198	0.977851727029046	0.9078602620087336	0.03333333333333333	0.4666666666666667	0.7598241758241757	0.9104056038865664	0.6679156908665106	0.9443708609271523	0.9793652361633969	0.6388595564941922	0.3849462365591398	0.7617021276595745	0.7481442744441789	0.9415342358249951	0.7024504084014003	0.9333333333333333	0.9850352511196084	0.7307286166842661	0.9145299145299145	0.5879120879120879	0.8705868113598787	0.9551697076711791	0.7167774086378738	0.881511746680286	0.9838827532274343	0.7019027484143763	0.913894324853229	0.6624113475177305	0.8263617904122892	0.9595880333496812	0.7019801980198019	0.8646341463414634	0.9829842601626015	2.033544987178874	0.12152751431228295	0.07796876775879522	0.3386492911475286	0.09839911922149362	0.06401587396118726	0.03567575075527527	0.016805478307439767	0.0445317966235268	0.002746680698233713
18.304000329971313	0.13568458557128907	0.8124943900906562	0.19870448183253586	0.4924181954983461	0.7262652920882747	0.9238102766058883	0.6821972007823289	0.9168494731124778	0.9802765958870536	1.0	[1.0, 5.0]	4	1000	1.0	1	{'bagging_temperature': 1.0, 'class_weights': [1.0, 5.0], 'depth': 4, 'iterations': 1000, 'l2_leaf_reg': 1.0, 'random_strength': 1}	22	27	20	27	0.8367992014639827	0.01023541453428864	0.4166666666666667	0.6684552641835089	0.8713450292397661	0.6973251994368841	0.9900066622251832	0.982660682352116	0.9126637554585153	0.035175879396984924	0.4666666666666667	0.7747692307692308	0.9136820698226189	0.6784688995215311	0.9390728476821192	0.9796994743304186	0.6061246040126715	0.3614457831325301	0.7659574468085106	0.7317027253167583	0.9212281734353541	0.6305630026809651	0.9116279069767442	0.97509163201627	0.7307286166842661	0.9145299145299145	0.5879120879120879	0.8657637042923826	0.9563468707082597	0.7213930348258707	0.8886618998978549	0.9835507679722352	0.7040169133192389	0.912621359223301	0.6666666666666666	0.8310938465613137	0.9564492398234429	0.6832358674463938	0.8548780487804878	0.9803804227642278	1.4738181201660885	0.08351636903932172	0.08699833578366593	0.3372615312700364	0.11377926106767759	0.06983146120170114	0.031577782969409655	0.02982025895917834	0.045843460093038024	0.00295404031012319
18.330689859390258	0.1600513458251953	0.7989408491158783	0.1955643144034123	0.47869454629753466	0.7408103301691512	0.9147106601040045	0.6559410357327683	0.9026343683784039	0.9758061325183649	1.0	[1.0, 5.0]	4	1000	1.0	10	{'bagging_temperature': 1.0, 'class_weights': [1.0, 5.0], 'depth': 4, 'iterations': 1000, 'l2_leaf_reg': 1.0, 'random_strength': 10}	31	40	28	5	0.8151721843287306	0.009033423667570008	0.4166666666666667	0.7026126050888035	0.847953216374269	0.6612975391498881	0.9846768820786143	0.975699951295444	0.9043668122270743	0.027777777777777776	0.4	0.7485421245421244	0.9000112981584002	0.6418520199727644	0.9364238410596026	0.974313052609358	0.6071805702217529	0.36217303822937624	0.7659574468085106	0.7524653358833373	0.9312340592505395	0.663338879645036	0.9271317829457364	0.9811255894049883	0.720168954593453	0.8980169971671388	0.5805860805860806	0.8675129940715975	0.9464390818128311	0.6730615507593924	0.8600612870275791	0.976481532696668	0.7114164904862579	0.916988416988417	0.6737588652482269	0.8263029339925252	0.9479156449239824	0.6401551891367604	0.8048780487804879	0.9714105365853658	1.5796523918475252	0.11287214821611807	0.08203838050877384	0.3362353830229734	0.12031810809986226	0.05287957104684283	0.03756305103508099	0.012839202280695539	0.06299458884037626	0.0031722109842340636
18.89071388244629	0.16269688606262206	0.8245220357239027	0.20146450071021466	0.49030800424855736	0.7306000758782902	0.9415224495972723	0.741056176319516	0.9499832638513095	0.988777838072697	1.0	[1.0, 5.0]	4	1000	10.0	0	{'bagging_temperature': 1.0, 'class_weights': [1.0, 5.0], 'depth': 4, 'iterations': 1000, 'l2_leaf_reg': 10.0, 'random_strength': 0}	17	17	24	23	0.8541008151721843	0.011454753722794959	0.4166666666666667	0.6687545236902177	0.895906432748538	0.7394749876176325	0.9946702198534311	0.9869388993724951	0.9187772925764193	0.03783783783783784	0.4666666666666667	0.7852600732600732	0.9281437125748503	0.715483234714004	0.9609271523178808	0.9860356556796582	0.6230200633579726	0.37184873949579833	0.7531914893617021	0.7447734879273249	0.9460466941338042	0.718417945690673	0.9434108527131783	0.9883174620586863	0.7191129883843717	0.9142011834319527	0.5659340659340659	0.8729937975573885	0.9695899548754169	0.786142001710864	0.9387129724208376	0.9921687504884175	0.7156448202959831	0.9208494208494209	0.676595744680851	0.834525175833554	0.9679254536537518	0.7457627118644068	0.9121951219512195	0.9904284227642277	2.2879103277884147	0.11012577465164458	0.08775231068393557	0.33848690098200834	0.1111212015244274	0.07304398941349548	0.027441515489603066	0.025392314247145806	0.027257485052227533	0.0022510407694695833
18.509743881225585	0.13234238624572753	0.8204829009963199	0.19927056287709516	0.4649971908742942	0.732617675496808	0.9372461250573345	0.7309658253608836	0.9395736978030959	0.986476781307587	1.0	[1.0, 5.0]	4	1000	10.0	1	{'bagging_temperature': 1.0, 'class_weights': [1.0, 5.0], 'depth': 4, 'iterations': 1000, 'l2_leaf_reg': 10.0, 'random_strength': 1}	19	24	34	14	0.8454500083180835	0.010810810810810811	0.4166666666666667	0.6711625187907132	0.8842105263157894	0.7204666990763248	0.9873417721518988	0.9838556237607002	0.9183406113537118	0.027472527472527472	0.3333333333333333	0.786021978021978	0.9223816517907582	0.7000486144871172	0.9536423841059603	0.9833838524624917	0.6282998944033791	0.37735849056603776	0.7659574468085106	0.7497758785560602	0.9476162448499117	0.7241992882562278	0.9465116279069767	0.9873971370762727	0.7317845828933475	0.9101123595505618	0.5934065934065934	0.871084651009838	0.9663527565234452	0.7722602739726028	0.9213483146067416	0.9903804639701778	0.7061310782241015	0.9227722772277228	0.6609929078014184	0.8380447897354404	0.9656694458067681	0.7378542510121457	0.8890243902439025	0.9873668292682927	1.7067906628644194	0.09397342981401986	0.08498945974490872	0.33959318378818526	0.13109572865363703	0.07226662836869903	0.030972077236144514	0.02393563660920519	0.03290972142931442	0.002581265355206435
19.428974151611328	0.14147872924804689	0.8124046315411543	0.19727770347832566	0.45657547744381505	0.7318187866460631	0.9252953660780185	0.6925976979204655	0.9174735081448148	0.9809263729232827	1.0	[1.0, 5.0]	4	1000	10.0	10	{'bagging_temperature': 1.0, 'class_weights': [1.0, 5.0], 'depth': 4, 'iterations': 1000, 'l2_leaf_reg': 10.0, 'random_strength': 10}	23	34	38	15	0.837131924804525	0.009249743062692703	0.375	0.6743917376538054	0.8674463937621832	0.6917328351237739	0.9866755496335776	0.9796086158414828	0.9065502183406113	0.02843601895734597	0.4	0.7733919413919413	0.906564230030505	0.660253402158611	0.9317880794701987	0.9762432441941343	0.614572333685322	0.3678861788617886	0.7702127659574468	0.7470565383695913	0.9363350990778889	0.6845135290731146	0.9217054263565891	0.9827520685764434	0.7212249208025343	0.9005681818181818	0.5805860805860806	0.8704634932814483	0.9566411614675299	0.7231920199501247	0.8886618998978549	0.9842046514515072	0.7167019027484144	0.9259259259259259	0.6737588652482269	0.8420352549954386	0.9594899460519862	0.7032967032967034	0.8585365853658536	0.9818232845528455	1.362903503321725	0.08510954724132272	0.08344384210849576	0.3384287675042743	0.1338734942459699	0.0694241965988046	0.034557381117597284	0.020797771507712844	0.0431634295825126	0.0027767932446705773
18.376863384246825	0.1335679531097412	0.8024414325464501	0.20091937918642638	0.4687818189108708	0.735455943149785	0.9264185797325594	0.701137951044935	0.932546852412114	0.9839948997459013	1.0	[1.0, 5.0]	5	1000	0.1	0	{'bagging_temperature': 1.0, 'class_weights': [1.0, 5.0], 'depth': 5, 'iterations': 1000, 'l2_leaf_reg': 0.1, 'random_strength': 0}	28	20	29	7	0.8133422059557478	0.008064516129032258	0.375	0.6748719447692223	0.8559454191033138	0.6717763751127142	0.9926715522984677	0.98032679233409	0.9061135371179039	0.03271028037383177	0.4666666666666667	0.7965714285714286	0.9128911987346062	0.6729059429106223	0.952317880794702	0.981154786101105	0.6367476240760296	0.38228941684665224	0.7531914893617021	0.7482100167344012	0.9398665881891308	0.6942053930005737	0.937984496124031	0.9850436960655259	0.7254487856388595	0.90625	0.5842490842490843	0.8597667918116796	0.9579164214243673	0.7280265339966833	0.8968335035750766	0.9859331917084603	0.7251585623678647	0.9458917835671342	0.6695035460992907	0.8352608810806039	0.9654732712113782	0.7387755102040816	0.8829268292682927	0.9875160325203253	2.210548174074215	0.07988070786570689	0.07495331659522221	0.3436436953312012	0.12718552369952732	0.07015160992772938	0.03961739086546504	0.027737305341972978	0.03942849490106422	0.0027848369060770703
20.480060577392578	0.16254730224609376	0.7998384346108967	0.19990643572673375	0.49136367280036336	0.7314302829270461	0.9160169903942672	0.6640841888505075	0.9075678622251754	0.9784860251464856	1.0	[1.0, 5.0]	5	1000	0.1	1	{'bagging_temperature': 1.0, 'class_weights': [1.0, 5.0], 'depth': 5, 'iterations': 1000, 'l2_leaf_reg': 0.1, 'random_strength': 1}	30	23	21	17	0.8128431209449343	0.008920606601248885	0.4166666666666667	0.6786161683647904	0.853411306042885	0.6683146067415731	0.9906728847435043	0.9797174805296516	0.9	0.03070175438596491	0.4666666666666667	0.7646886446886447	0.8902948819342447	0.6203662349263064	0.9198675496688742	0.9709871798688487	0.6378035902851109	0.38461538461538464	0.7659574468085106	0.7566967487449199	0.9327055130468903	0.670045045045045	0.9224806201550387	0.9814739216587616	0.7180570221752904	0.8974358974358975	0.5769230769230769	0.8651242772190403	0.9487934078869924	0.6838294448913917	0.8682328907048008	0.9817840965206948	0.718816067653277	0.9398797595190381	0.6652482269503546	0.8273800064742063	0.9548798430603237	0.6778656126482213	0.8365853658536585	0.9784674471544715	1.7408068614078662	0.11884621875465057	0.07423624083834371	0.3410517337829947	0.11284800408923915	0.06393451716264478	0.038585541919382765	0.022558769981698226	0.052660938471889074	0.003938383129100089
20.46715064048767	0.14164443016052247	0.7438290997217485	0.19624945190626233	0.6044650084748763	0.7463038759320388	0.8842600074295618	0.6000597793638425	0.8873706838352545	0.9638844919757723	1.0	[1.0, 5.0]	5	1000	0.1	10	{'bagging_temperature': 1.0, 'class_weights': [1.0, 5.0], 'depth': 5, 'iterations': 1000, 'l2_leaf_reg': 0.1, 'random_strength': 10}	52	36	1	2	0.7211778406255199	0.0089179548156956	0.625	0.7066630477144926	0.7551656920077973	0.5456238361266295	0.9760159893404398	0.9450056167202944	0.8777292576419214	0.025089605734767026	0.4666666666666667	0.7731868131868131	0.8611456332617783	0.5570442549736094	0.9086092715231788	0.9533523952833176	0.6029567053854277	0.35699797160243407	0.7489361702127659	0.7263775998087497	0.9174023935648421	0.6180189673340358	0.9093023255813953	0.974476718067657	0.7317845828933475	0.9010989010989011	0.6007326007326007	0.8565331177550629	0.9425152050225623	0.6550907655880032	0.8478038815117467	0.9763796647669425	0.7167019027484144	0.9343936381709742	0.6666666666666666	0.8427121038227245	0.9450711132908288	0.6245210727969349	0.7951219512195122	0.9702080650406505	2.965867669980798	0.08585740078545298	0.07565581526960555	0.3400684871242895	0.07895805525975395	0.05340550940711361	0.07125965614398108	0.041863836442600826	0.06142544296964345	0.012455112722258018
19.976437091827393	0.16318421363830565	0.8382550937976843	0.20358899676306783	0.4277179290677449	0.7390192272086885	0.9539725479455905	0.7792227833867023	0.9594314244456639	0.9927563695109791	1.0	[1.0, 5.0]	5	1000	1.0	0	{'bagging_temperature': 1.0, 'class_weights': [1.0, 5.0], 'depth': 5, 'iterations': 1000, 'l2_leaf_reg': 1.0, 'random_strength': 0}	6	10	46	6	0.875395108966894	0.010796221322537112	0.3333333333333333	0.6797923278213908	0.9304093567251462	0.8088552915766739	0.9980013324450366	0.9944979272567255	0.925764192139738	0.03592814371257485	0.4	0.7881318681318682	0.9354875155349678	0.7372410308236483	0.9662251655629139	0.9892065429489278	0.6515311510031679	0.39325842696629215	0.7446808510638298	0.7660321539564905	0.9586030998626643	0.7675709001233045	0.9651162790697675	0.9933004154565146	0.7191129883843717	0.9191616766467066	0.5622710622710623	0.8702899345043984	0.973415734745929	0.8094405594405595	0.9458631256384066	0.994134945632565	0.6966173361522199	0.9282786885245902	0.6425531914893617	0.8380153615255584	0.9719470328592448	0.7730061349693251	0.9219512195121952	0.9926420162601627	1.051431153659536	0.1108273431435951	0.09050929487665578	0.34206416106438436	0.13770261815327456	0.06890079458971367	0.017997122190137806	0.027305970704827227	0.025119613006267902	0.0018891176131859296
20.28394932746887	0.14278631210327147	0.8352033031146217	0.20673145011794972	0.46457453048447217	0.7443169928983822	0.9481783625033448	0.7588240507076258	0.9491648327553761	0.9909342212327342	1.0	[1.0, 5.0]	5	1000	1.0	1	{'bagging_temperature': 1.0, 'class_weights': [1.0, 5.0], 'depth': 5, 'iterations': 1000, 'l2_leaf_reg': 1.0, 'random_strength': 1}	9	6	35	3	0.8662452171019797	0.011278195488721804	0.375	0.6734522019932075	0.9183235867446394	0.7826541274817137	0.9980013324450366	0.9940453952898858	0.9231441048034934	0.04	0.4666666666666667	0.8250256410256411	0.9301773810868829	0.7212301587301587	0.9629139072847682	0.9875629572093956	0.672650475184794	0.4117647058823529	0.7446808510638298	0.7736403299067653	0.9571316460663135	0.7624615384615384	0.9604651162790697	0.9930236475897951	0.7222808870116156	0.9223880597014925	0.5659340659340659	0.8749303481223681	0.9675299195605258	0.7759795570698467	0.9305413687436159	0.9910593987575217	0.7008456659619451	0.9306122448979591	0.6468085106382979	0.8391218622171213	0.9677292790583619	0.7517948717948718	0.8939024390243903	0.9889797073170732	1.6927687141533418	0.08674154126436567	0.08350003558870224	0.3434057164160048	0.1212115441897199	0.07959118552140174	0.020259443984452737	0.021624640320541552	0.03493566296134849	0.002418525240296477
19.573277521133424	0.15813264846801758	0.8218292792388475	0.20115419318185296	0.46757778117663124	0.7260088525650112	0.9357157509579958	0.7156950892075991	0.9332074146227903	0.9865088254183554	1.0	[1.0, 5.0]	5	1000	1.0	10	{'bagging_temperature': 1.0, 'class_weights': [1.0, 5.0], 'depth': 5, 'iterations': 1000, 'l2_leaf_reg': 1.0, 'random_strength': 10}	18	18	31	28	0.8511063051073032	0.010123734533183352	0.375	0.6611129669840209	0.8953216374269006	0.7388503468780971	0.9933377748167888	0.9890631376638961	0.9161572052401746	0.03664921465968586	0.4666666666666667	0.7805128205128204	0.920686928030731	0.6946050096339114	0.9549668874172186	0.9840837228267978	0.6166842661034847	0.3677685950413223	0.7574468085106383	0.7418330145828353	0.9422209142632921	0.7008595988538682	0.9480620155038759	0.9866688693175091	0.7254487856388595	0.90625	0.5842490842490843	0.8745375572058864	0.9608593290170688	0.7408637873754153	0.9111338100102145	0.9886306411860132	0.7093023255813954	0.9405737704918032	0.6510638297872341	0.8418998852299814	0.9594899460519862	0.7032967032967034	0.8585365853658536	0.9840977560975609	2.3967701939600112	0.10854902124664938	0.0879396352430197	0.34102096367009516	0.12562765191122813	0.07694006903044241	0.024888868781648057	0.019941075843120465	0.04554727391007879	0.0021329137393955953
20.478203058242798	0.1439279079437256	0.8475002243963737	0.21084196036246586	0.4175445710029966	0.7232355559804883	0.9654221629020512	0.8312536771118932	0.9777624910844276	0.9961776912118699	1.0	[1.0, 5.0]	5	1000	10.0	0	{'bagging_temperature': 1.0, 'class_weights': [1.0, 5.0], 'depth': 5, 'iterations': 1000, 'l2_leaf_reg': 10.0, 'random_strength': 0}	1	2	50	32	0.8812177674263849	0.009943181818181818	0.2916666666666667	0.6427607037470074	0.9352826510721247	0.8199233716475096	0.9980013324450366	0.99501269384294	0.9371179039301311	0.04895104895104895	0.4666666666666667	0.796952380952381	0.9562761269913004	0.8046663049376017	0.9821192052980132	0.9947874633172483	0.6927138331573389	0.4306930693069307	0.7404255319148936	0.7778418599091561	0.9701785363939572	0.8213820078226858	0.9767441860465116	0.9963506950974043	0.7191129883843717	0.9242424242424242	0.5586080586080586	0.8767116092552503	0.982833039042574	0.8688073394495412	0.9673135852911133	0.997481733883058	0.6997885835095138	0.945031712473573	0.6340425531914894	0.8478326123421913	0.9825404610102991	0.8414893617021276	0.9646341463414634	0.9972558699186992	2.6394370709818853	0.08366123878143668	0.08691662391160844	0.3468464391991488	0.1535513953711693	0.09047100043900659	0.01794902767909727	0.022125825768123813	0.011926119834017063	0.0011120143367013876
19.93495192527771	0.14662532806396483	0.8370882326541603	0.2051280383819458	0.4292639279179315	0.7334836335748841	0.9597427039423486	0.8118558005146832	0.9725674125487933	0.9948072964277446	1.0	[1.0, 5.0]	5	1000	10.0	1	{'bagging_temperature': 1.0, 'class_weights': [1.0, 5.0], 'depth': 5, 'iterations': 1000, 'l2_leaf_reg': 10.0, 'random_strength': 1}	7	8	45	10	0.8690733654965895	0.010269576379974325	0.3333333333333333	0.6627414954623907	0.9222222222222223	0.7912262156448203	0.9973351099267155	0.9930742414949233	0.9296943231441048	0.0379746835443038	0.4	0.7963076923076923	0.950062139871201	0.7819429778247096	0.980794701986755	0.9930799167516922	0.6557550158394931	0.39775280898876403	0.7531914893617021	0.7680821180970595	0.9644889150480674	0.7955414012738854	0.9682170542635659	0.9945641101987087	0.7191129883843717	0.9294478527607362	0.554945054945055	0.8806623551012579	0.980773003727683	0.8536585365853658	0.965270684371808	0.9968209779210406	0.7093023255813954	0.93	0.6595744680851063	0.8489391130337541	0.9811672388425698	0.8369098712446352	0.9512195121951219	0.9964972357723577	1.315162122973167	0.08185735570791096	0.08763172115095591	0.34437488964117435	0.14109202291002665	0.08115567379652881	0.022024125834447128	0.028148504610047802	0.01555009860875018	0.0016097992193017316
20.060160827636718	0.14999055862426758	0.8314334440355444	0.20379930254317133	0.46571502090053474	0.7307038452892409	0.94973359502333	0.7747442313250895	0.9599640462876643	0.9918332957747399	1.0	[1.0, 5.0]	5	1000	10.0	10	{'bagging_temperature': 1.0, 'class_weights': [1.0, 5.0], 'depth': 5, 'iterations': 1000, 'l2_leaf_reg': 10.0, 'random_strength': 10}	12	9	33	21	0.8624188986857428	0.010962241169305725	0.375	0.6686988475029231	0.9042884990253411	0.7555668016194332	0.9946702198534311	0.9902674418028287	0.9283842794759826	0.04294478527607362	0.4666666666666667	0.7792527472527472	0.9401197604790419	0.7515400410677618	0.9695364238410596	0.9899255384121295	0.6441393875395988	0.3881578947368421	0.7531914893617021	0.7528717427683481	0.954188738473612	0.7489413188142771	0.9596899224806201	0.9913330042416264	0.720168954593453	0.9048991354466859	0.575091575091575	0.8772277182501622	0.9736119285854424	0.8130511463844797	0.9417773237997957	0.9938857627097978	0.6987315010570825	0.9320987654320988	0.6425531914893617	0.8382978723404254	0.9764590485532123	0.8046218487394958	0.9341463414634147	0.993754731707317	1.648115552067687	0.09811233243882554	0.08932740551888267	0.3392509516938083	0.12303305159011221	0.07354221326517191	0.026313325704499475	0.028043146447512848	0.021417445210418024	0.0016879730446043115
